"No.Courge","X.Par","Traitement","TRT..","Rep1","Poids_g","HV.Pseudo","HV.Pénétrant","Pseudo.Cicatrice","Pseudo.bosse","Black.Rot"
"1",1,1,"Soil",4,1,2800,0,0,0,1,0
"2",2,1,"Soil",4,1,3340,1,0,0,0,0
"3",3,1,"Soil",4,1,1910,1,0,0,0,0
"4",4,1,"Soil",4,1,2370,0,0,5,0,0
"5",5,1,"Soil",4,1,2660,10,10,0,0,0
"6",6,1,"Soil",4,1,2450,0,0,0,5,0
"7",7,1,"Soil",4,1,1830,0,0,0,0,0
"8",8,1,"Soil",4,1,1670,0,0,0,0,0
"9",9,1,"Soil",4,1,1060,0,0,0,5,0
"10",10,1,"Soil",4,1,1630,0,0,0,0,0
"11",11,1,"Soil",4,1,3030,1,5,10,5,0
"12",12,1,"Soil",4,1,1310,5,0,0,0,0
"13",13,1,"Soil",4,1,940,0,0,5,0,0
"14",14,1,"Soil",4,1,940,0,0,0,0,0
"15",15,1,"Soil",4,1,1900,0,0,0,0,0
"16",16,1,"Soil",4,1,1920,0,0,0,0,0
"17",17,1,"Soil",4,1,1040,0,0,0,0,0
"18",18,1,"Soil",4,1,2030,1,0,0,0,0
"19",19,1,"Soil",4,1,1690,0,0,0,5,0
"20",20,1,"Soil",4,1,1060,0,0,0,0,0
"21",21,1,"Soil",4,1,1220,0,0,0,0,0
"22",22,1,"Soil",4,1,1590,0,0,0,1,0
"23",23,1,"Soil",4,1,1650,0,0,0,1,0
"24",24,1,"Soil",4,1,800,0,0,0,0,0
"25",25,1,"Soil",4,1,820,0,0,0,0,0
"26",26,1,"Soil",4,1,700,0,0,0,0,0
"27",27,1,"Soil",4,1,840,0,0,0,0,0
"28",28,1,"Soil",4,1,1530,0,0,0,0,0
"29",29,1,"Soil",4,1,1400,0,0,0,5,0
"30",30,1,"Soil",4,1,2990,5,0,0,1,0
"31",31,1,"Soil",4,1,1610,1,0,1,0,0
"32",32,1,"Soil",4,1,1080,0,0,0,0,0
"33",33,1,"Soil",4,1,1580,0,0,0,5,0
"34",34,1,"Soil",4,1,1860,0,0,0,5,0
"35",35,1,"Soil",4,1,1910,0,5,0,0,0
"36",36,1,"Soil",4,1,1110,0,0,1,5,0
"37",37,1,"Soil",4,1,610,0,0,1,1,0
"38",38,1,"Soil",4,1,850,5,0,10,0,0
"39",39,1,"Soil",4,1,750,0,0,0,0,0
"40",40,1,"Soil",4,1,1250,0,0,0,1,0
"41",41,1,"Soil",4,1,1210,1,0,0,5,0
"42",42,1,"Soil",4,1,1450,0,0,0,0,0
"43",43,1,"Soil",4,1,1410,0,0,0,1,0
"44",44,1,"Soil",4,1,1530,0,5,0,0,0
"45",45,1,"Soil",4,1,1230,0,0,0,0,0
"46",46,1,"Soil",4,1,1670,0,0,0,1,0
"47",47,1,"Soil",4,1,1040,0,0,1,0,0
"48",48,1,"Soil",4,1,1490,0,0,0,0,0
"49",49,1,"Soil",4,1,2040,0,0,10,0,0
"50",50,1,"Soil",4,1,760,0,0,0,0,0
"51",51,1,"Soil",4,1,3010,0,0,10,0,0
"52",52,1,"Soil",4,1,2180,0,0,0,0,0
"53",53,1,"Soil",4,1,590,0,0,0,0,0
"54",54,1,"Soil",4,1,1790,0,0,5,0,0
"55",55,1,"Soil",4,1,1270,0,0,0,0,0
"56",56,1,"Soil",4,1,1810,0,0,0,0,0
"57",57,1,"Soil",4,1,2730,0,0,0,0,0
"58",1,2,"Plastic",3,1,1630,5,0,0,0,0
"59",2,2,"Plastic",3,1,1840,0,0,5,1,0
"60",3,2,"Plastic",3,1,2310,5,1,0,0,0
"61",4,2,"Plastic",3,1,1460,0,0,0,0,0
"62",5,2,"Plastic",3,1,2210,0,0,0,0,0
"63",6,2,"Plastic",3,1,1910,0,0,0,5,0
"64",7,2,"Plastic",3,1,1810,0,0,0,0,0
"65",8,2,"Plastic",3,1,1260,0,0,1,0,0
"66",9,2,"Plastic",3,1,2560,5,5,0,0,0
"67",10,2,"Plastic",3,1,2040,0,0,0,0,0
"68",11,2,"Plastic",3,1,2020,20,20,0,0,0
"69",12,2,"Plastic",3,1,3380,0,0,10,0,0
"70",13,2,"Plastic",3,1,2590,0,5,0,0,0
"71",14,2,"Plastic",3,1,1220,0,0,5,1,0
"72",15,2,"Plastic",3,1,1870,0,15,10,1,0
"73",16,2,"Plastic",3,1,3440,0,0,0,0,0
"74",17,2,"Plastic",3,1,2110,0,0,0,0,0
"75",18,2,"Plastic",3,1,2460,0,5,15,5,0
"76",19,2,"Plastic",3,1,1610,0,0,0,0,0
"77",20,2,"Plastic",3,1,1310,0,0,0,0,0
"78",21,2,"Plastic",3,1,1830,1,0,0,0,0
"79",22,2,"Plastic",3,1,1670,0,0,0,0,0
"80",23,2,"Plastic",3,1,1880,5,10,0,0,0
"81",24,2,"Plastic",3,1,1620,1,10,0,0,0
"82",25,2,"Plastic",3,1,1680,0,0,0,5,0
"83",26,2,"Plastic",3,1,1810,0,0,5,1,0
"84",27,2,"Plastic",3,1,2430,0,0,5,0,0
"85",28,2,"Plastic",3,1,2290,0,0,15,0,0
"86",29,2,"Plastic",3,1,2950,10,5,0,0,0
"87",30,2,"Plastic",3,1,2040,0,0,0,1,0
"88",31,2,"Plastic",3,1,1000,1,0,0,5,0
"89",32,2,"Plastic",3,1,1280,0,0,0,0,0
"90",33,2,"Plastic",3,1,810,0,0,0,0,0
"91",34,2,"Plastic",3,1,950,0,0,5,0,0
"92",35,2,"Plastic",3,1,510,0,0,0,0,0
"93",36,2,"Plastic",3,1,1260,0,0,5,5,0
"94",37,2,"Plastic",3,1,970,0,0,0,0,0
"95",38,2,"Plastic",3,1,1380,0,30,5,0,0
"96",39,2,"Plastic",3,1,1800,0,0,10,5,0
"97",40,2,"Plastic",3,1,750,0,0,0,1,0
"98",41,2,"Plastic",3,1,740,0,0,0,0,0
"99",42,2,"Plastic",3,1,1160,0,0,0,0,0
"100",43,2,"Plastic",3,1,1240,10,10,0,0,0
"101",44,2,"Plastic",3,1,1540,0,0,0,1,0
"102",45,2,"Plastic",3,1,1030,5,10,0,0,0
"103",46,2,"Plastic",3,1,840,5,5,0,0,0
"104",47,2,"Plastic",3,1,1440,0,0,0,0,0
"105",48,2,"Plastic",3,1,830,0,0,0,0,0
"106",49,2,"Plastic",3,1,940,0,0,0,5,0
"107",50,2,"Plastic",3,1,1430,0,0,0,0,0
"108",51,2,"Plastic",3,1,900,0,0,1,0,0
"109",52,2,"Plastic",3,1,2160,0,0,0,0,0
"110",53,2,"Plastic",3,1,1200,0,0,5,0,0
"111",54,2,"Plastic",3,1,1150,1,5,5,0,0
"112",55,2,"Plastic",3,1,730,1,0,0,0,0
"113",56,2,"Plastic",3,1,700,10,10,0,5,0
"114",57,2,"Plastic",3,1,850,0,0,5,1,0
"115",58,2,"Plastic",3,1,1770,1,0,0,0,0
"116",59,2,"Plastic",3,1,610,0,0,0,0,0
"117",60,2,"Plastic",3,1,1290,0,0,1,0,0
"118",61,2,"Plastic",3,1,1610,0,0,0,1,0
"119",62,2,"Plastic",3,1,1590,10,5,5,5,0
"120",63,2,"Plastic",3,1,920,10,5,1,5,0
"121",64,2,"Plastic",3,1,1040,0,0,0,0,0
"122",65,2,"Plastic",3,1,2220,5,0,5,0,0
"123",66,2,"Plastic",3,1,1260,0,0,0,0,0
"124",67,2,"Plastic",3,1,1640,0,0,0,0,0
"125",68,2,"Plastic",3,1,820,5,0,0,0,0
"126",69,2,"Plastic",3,1,1650,1,0,1,5,0
"127",70,2,"Plastic",3,1,1070,0,0,1,0,0
"128",71,2,"Plastic",3,1,1170,1,5,0,1,0
"129",72,2,"Plastic",3,1,2030,0,0,0,0,0
"130",73,2,"Plastic",3,1,1440,0,0,1,0,0
"131",74,2,"Plastic",3,1,550,1,5,5,0,0
"132",75,2,"Plastic",3,1,2410,0,0,0,5,0
"133",76,2,"Plastic",3,1,1530,0,0,1,0,0
"134",77,2,"Plastic",3,1,790,5,15,0,0,0
"135",78,2,"Plastic",3,1,1070,0,0,0,1,0
"136",79,2,"Plastic",3,1,2460,0,0,0,1,0
"137",80,2,"Plastic",3,1,1790,0,0,0,0,0
"138",81,2,"Plastic",3,1,1860,0,0,0,0,0
"139",82,2,"Plastic",3,1,1140,0,0,0,0,0
"140",83,2,"Plastic",3,1,1370,0,0,0,1,0
"141",84,2,"Plastic",3,1,1100,0,0,0,5,0
"142",1,3,"Rye+Gly",2,1,2180,0,0,0,0,0
"143",2,3,"Rye+Gly",2,1,1630,2,0,0,0,0
"144",3,3,"Rye+Gly",2,1,1800,0,0,0,0,0
"145",4,3,"Rye+Gly",2,1,1990,0,0,0,0,0
"146",5,3,"Rye+Gly",2,1,1560,0,0,0,0,0
"147",6,3,"Rye+Gly",2,1,1510,1,0,0,0,0
"148",7,3,"Rye+Gly",2,1,1480,0,0,0,0,0
"149",8,3,"Rye+Gly",2,1,2340,5,0,1,0,0
"150",9,3,"Rye+Gly",2,1,2010,1,0,1,0,0
"151",10,3,"Rye+Gly",2,1,2880,0,0,0,0,0
"152",11,3,"Rye+Gly",2,1,1470,0,0,5,0,0
"153",12,3,"Rye+Gly",2,1,1050,0,0,0,0,0
"154",13,3,"Rye+Gly",2,1,2100,1,10,0,0,0
"155",14,3,"Rye+Gly",2,1,1290,0,0,0,0,0
"156",15,3,"Rye+Gly",2,1,1290,0,0,0,0,0
"157",16,3,"Rye+Gly",2,1,1340,0,0,0,0,0
"158",17,3,"Rye+Gly",2,1,1970,0,0,1,0,0
"159",18,3,"Rye+Gly",2,1,1930,0,0,1,0,0
"160",19,3,"Rye+Gly",2,1,2070,1,0,0,0,0
"161",20,3,"Rye+Gly",2,1,1550,5,0,0,0,0
"162",21,3,"Rye+Gly",2,1,1420,5,0,0,0,0
"163",22,3,"Rye+Gly",2,1,2930,0,0,0,0,0
"164",23,3,"Rye+Gly",2,1,2030,0,15,0,0,0
"165",24,3,"Rye+Gly",2,1,2620,0,0,0,0,0
"166",25,3,"Rye+Gly",2,1,1320,0,5,0,0,0
"167",26,3,"Rye+Gly",2,1,1470,0,0,0,0,0
"168",27,3,"Rye+Gly",2,1,1310,0,0,0,0,0
"169",28,3,"Rye+Gly",2,1,1460,5,0,0,0,0
"170",29,3,"Rye+Gly",2,1,2040,1,15,10,0,0
"171",30,3,"Rye+Gly",2,1,2050,1,0,0,0,0
"172",31,3,"Rye+Gly",2,1,1780,0,0,0,0,0
"173",32,3,"Rye+Gly",2,1,1270,1,0,0,0,0
"174",33,3,"Rye+Gly",2,1,1440,1,15,0,0,0
"175",34,3,"Rye+Gly",2,1,740,5,0,0,0,0
"176",35,3,"Rye+Gly",2,1,1300,0,0,0,0,0
"177",36,3,"Rye+Gly",2,1,1040,0,0,5,0,0
"178",37,3,"Rye+Gly",2,1,1980,0,0,0,0,0
"179",38,3,"Rye+Gly",2,1,1750,0,5,0,0,0
"180",39,3,"Rye+Gly",2,1,710,0,0,0,0,0
"181",40,3,"Rye+Gly",2,1,1050,0,0,0,0,0
"182",41,3,"Rye+Gly",2,1,660,0,0,0,0,0
"183",42,3,"Rye+Gly",2,1,930,0,0,1,0,0
"184",43,3,"Rye+Gly",2,1,1320,0,25,5,0,0
"185",44,3,"Rye+Gly",2,1,1910,0,1,1,0,0
"186",45,3,"Rye+Gly",2,1,1370,0,0,0,0,0
"187",46,3,"Rye+Gly",2,1,1580,0,0,0,0,0
"188",47,3,"Rye+Gly",2,1,790,0,0,0,0,0
"189",48,3,"Rye+Gly",2,1,1290,0,0,1,0,0
"190",49,3,"Rye+Gly",2,1,1360,0,5,0,0,0
"191",50,3,"Rye+Gly",2,1,610,0,0,0,0,0
"192",51,3,"Rye+Gly",2,1,1910,0,0,0,0,0
"193",52,3,"Rye+Gly",2,1,2260,0,0,0,0,0
"194",53,3,"Rye+Gly",2,1,1410,0,0,0,0,0
"195",54,3,"Rye+Gly",2,1,970,0,0,1,0,0
"196",55,3,"Rye+Gly",2,1,2660,0,0,5,0,5
"197",56,3,"Rye+Gly",2,1,1570,0,0,0,0,0
"198",57,3,"Rye+Gly",2,1,1910,0,0,0,0,0
"199",58,3,"Rye+Gly",2,1,1890,0,0,0,0,0
"200",59,3,"Rye+Gly",2,1,1350,0,0,0,0,0
"201",1,4,"Rye",1,1,2930,4,0,0,0,0
"202",2,4,"Rye",1,1,1550,15,0,0,0,0
"203",3,4,"Rye",1,1,2370,0,0,0,0,0
"204",4,4,"Rye",1,1,2320,5,1,0,0,0
"205",5,4,"Rye",1,1,2460,0,0,0,0,0
"206",6,4,"Rye",1,1,2360,1,0,0,1,0
"207",7,4,"Rye",1,1,1460,0,0,0,1,0
"208",8,4,"Rye",1,1,680,0,0,0,0,0
"209",9,4,"Rye",1,1,1380,0,0,0,0,0
"210",10,4,"Rye",1,1,1220,1,0,0,0,0
"211",11,4,"Rye",1,1,2060,0,0,0,0,0
"212",12,4,"Rye",1,1,1650,0,0,1,0,0
"213",13,4,"Rye",1,1,1870,5,0,0,0,0
"214",14,4,"Rye",1,1,1570,0,0,0,0,0
"215",15,4,"Rye",1,1,2200,0,0,0,0,0
"216",16,4,"Rye",1,1,2150,0,0,0,0,0
"217",17,4,"Rye",1,1,2650,5,1,10,0,0
"218",18,4,"Rye",1,1,1890,1,0,0,0,0
"219",19,4,"Rye",1,1,2080,1,5,1,0,0
"220",20,4,"Rye",1,1,2120,1,1,0,0,0
"221",21,4,"Rye",1,1,1770,0,0,0,0,0
"222",22,4,"Rye",1,1,1100,5,10,1,0,5
"223",23,4,"Rye",1,1,2060,0,0,0,0,0
"224",24,4,"Rye",1,1,1070,1,5,0,0,0
"225",25,4,"Rye",1,1,1950,0,0,0,0,0
"226",26,4,"Rye",1,1,1540,0,0,0,0,0
"227",27,4,"Rye",1,1,1500,1,0,0,0,0
"228",28,4,"Rye",1,1,1320,0,0,0,0,0
"229",29,4,"Rye",1,1,1990,0,0,0,0,0
"230",30,4,"Rye",1,1,1960,0,0,0,1,0
"231",31,4,"Rye",1,1,2470,0,0,0,0,0
"232",32,4,"Rye",1,1,1290,0,0,0,0,0
"233",33,4,"Rye",1,1,1150,1,5,0,0,0
"234",34,4,"Rye",1,1,1730,1,10,0,0,0
"235",35,4,"Rye",1,1,590,0,0,0,1,0
"236",36,4,"Rye",1,1,2050,0,0,1,0,0
"237",37,4,"Rye",1,1,1310,0,0,1,0,0
"238",38,4,"Rye",1,1,1690,0,0,1,0,0
"239",39,4,"Rye",1,1,1020,0,0,0,0,0
"240",40,4,"Rye",1,1,940,1,5,0,0,0
"241",41,4,"Rye",1,1,1440,0,0,0,0,0
"242",42,4,"Rye",1,1,1530,0,1,1,0,0
"243",43,4,"Rye",1,1,1730,5,0,5,0,0
"244",44,4,"Rye",1,1,1670,1,0,0,0,0
"245",45,4,"Rye",1,1,1080,0,0,0,0,0
"246",46,4,"Rye",1,1,660,0,0,0,5,0
"247",47,4,"Rye",1,1,1280,0,0,0,0,0
"248",48,4,"Rye",1,1,1120,1,0,0,0,0
"249",49,4,"Rye",1,1,1380,0,1,1,0,0
"250",50,4,"Rye",1,1,1900,5,0,1,0,0
"251",51,4,"Rye",1,1,1640,0,0,5,0,0
"252",52,4,"Rye",1,1,880,0,0,0,0,0
"253",53,4,"Rye",1,1,1100,0,0,5,0,0
"254",54,4,"Rye",1,1,1700,5,0,0,0,0
"255",55,4,"Rye",1,1,2410,0,0,5,0,0
"256",56,4,"Rye",1,1,1320,0,0,5,5,0
"257",57,4,"Rye",1,1,1460,0,0,1,0,0
"258",58,4,"Rye",1,1,2010,0,0,5,0,0
"259",1,5,"Plastic",3,2,2490,5,1,5,1,0
"260",2,5,"Plastic",3,2,2670,0,0,0,0,0
"261",3,5,"Plastic",3,2,1790,5,5,0,1,0
"262",4,5,"Plastic",3,2,1350,0,0,0,1,0
"263",5,5,"Plastic",3,2,600,0,0,0,0,0
"264",6,5,"Plastic",3,2,2020,0,0,0,0,0
"265",7,5,"Plastic",3,2,2670,0,0,0,0,0
"266",8,5,"Plastic",3,2,2030,0,0,0,1,0
"267",9,5,"Plastic",3,2,2310,0,0,5,1,0
"268",10,5,"Plastic",3,2,1760,0,0,0,0,0
"269",11,5,"Plastic",3,2,1240,0,0,0,0,0
"270",12,5,"Plastic",3,2,2370,10,5,5,0,0
"271",13,5,"Plastic",3,2,2560,0,0,0,0,0
"272",14,5,"Plastic",3,2,2360,0,0,0,5,0
"273",15,5,"Plastic",3,2,1790,0,0,0,0,0
"274",16,5,"Plastic",3,2,1720,5,10,0,0,0
"275",17,5,"Plastic",3,2,2290,0,0,0,0,0
"276",18,5,"Plastic",3,2,1490,0,0,0,0,0
"277",19,5,"Plastic",3,2,1250,0,0,0,0,0
"278",20,5,"Plastic",3,2,1150,0,0,5,0,0
"279",21,5,"Plastic",3,2,1800,0,0,5,0,0
"280",22,5,"Plastic",3,2,1050,0,0,0,0,0
"281",23,5,"Plastic",3,2,1220,0,0,0,0,0
"282",24,5,"Plastic",3,2,1040,5,0,0,0,0
"283",25,5,"Plastic",3,2,1810,1,0,0,0,0
"284",26,5,"Plastic",3,2,2340,0,0,0,0,0
"285",27,5,"Plastic",3,2,1960,0,0,0,0,0
"286",28,5,"Plastic",3,2,1070,0,0,1,0,0
"287",29,5,"Plastic",3,2,2300,0,0,0,0,0
"288",30,5,"Plastic",3,2,1400,0,0,0,0,0
"289",31,5,"Plastic",3,2,1600,0,0,0,0,0
"290",32,5,"Plastic",3,2,1690,10,20,0,0,0
"291",33,5,"Plastic",3,2,1200,0,0,0,5,0
"292",34,5,"Plastic",3,2,2090,5,5,5,0,0
"293",35,5,"Plastic",3,2,1840,5,5,0,0,0
"294",36,5,"Plastic",3,2,1210,0,0,0,0,0
"295",37,5,"Plastic",3,2,910,0,0,10,0,0
"296",38,5,"Plastic",3,2,1380,0,0,0,1,0
"297",39,5,"Plastic",3,2,1510,0,0,5,5,0
"298",40,5,"Plastic",3,2,1250,0,0,0,1,0
"299",41,5,"Plastic",3,2,1190,5,5,0,0,0
"300",42,5,"Plastic",3,2,1260,5,15,5,0,0
"301",43,5,"Plastic",3,2,970,1,0,1,0,0
"302",44,5,"Plastic",3,2,1540,0,0,0,0,0
"303",45,5,"Plastic",3,2,1560,0,0,0,1,0
"304",46,5,"Plastic",3,2,2100,1,0,1,0,0
"305",47,5,"Plastic",3,2,1360,0,0,0,0,0
"306",48,5,"Plastic",3,2,1830,0,0,0,0,0
"307",49,5,"Plastic",3,2,1780,0,0,0,0,0
"308",50,5,"Plastic",3,2,1580,0,0,0,0,0
"309",51,5,"Plastic",3,2,990,1,1,0,0,0
"310",52,5,"Plastic",3,2,1020,0,0,0,0,0
"311",53,5,"Plastic",3,2,1240,1,5,0,1,0
"312",54,5,"Plastic",3,2,1580,0,0,0,0,0
"313",55,5,"Plastic",3,2,2320,0,0,5,0,0
"314",56,5,"Plastic",3,2,730,5,10,0,0,0
"315",57,5,"Plastic",3,2,2040,0,0,0,1,0
"316",58,5,"Plastic",3,2,1510,0,0,0,5,0
"317",59,5,"Plastic",3,2,1290,1,1,0,0,0
"318",60,5,"Plastic",3,2,1460,5,0,5,0,0
"319",61,5,"Plastic",3,2,1850,0,0,0,1,0
"320",62,5,"Plastic",3,2,1090,0,0,0,0,0
"321",63,5,"Plastic",3,2,1860,0,0,1,0,0
"322",64,5,"Plastic",3,2,920,0,0,0,0,0
"323",65,5,"Plastic",3,2,980,0,0,0,0,0
"324",66,5,"Plastic",3,2,1480,0,0,0,0,0
"325",67,5,"Plastic",3,2,1700,0,0,0,0,0
"326",68,5,"Plastic",3,2,1400,1,1,1,1,0
"327",69,5,"Plastic",3,2,1260,0,0,0,0,0
"328",70,5,"Plastic",3,2,990,0,0,0,5,0
"329",71,5,"Plastic",3,2,1330,5,10,1,0,0
"330",1,6,"Rye",1,2,2400,0,0,0,0,0
"331",2,6,"Rye",1,2,1720,0,0,0,0,0
"332",3,6,"Rye",1,2,1790,0,0,1,0,0
"333",4,6,"Rye",1,2,1770,0,0,5,0,0
"334",5,6,"Rye",1,2,2640,1,0,0,0,0
"335",6,6,"Rye",1,2,1980,1,0,5,0,0
"336",7,6,"Rye",1,2,2140,0,0,0,0,0
"337",8,6,"Rye",1,2,1820,0,0,10,0,0
"338",9,6,"Rye",1,2,2170,5,1,0,0,0
"339",10,6,"Rye",1,2,1650,0,0,1,0,0
"340",11,6,"Rye",1,2,1210,1,1,1,0,0
"341",12,6,"Rye",1,2,1540,1,0,0,0,0
"342",13,6,"Rye",1,2,1240,0,0,5,0,0
"343",14,6,"Rye",1,2,1380,1,10,0,0,0
"344",15,6,"Rye",1,2,3170,0,0,0,0,0
"345",16,6,"Rye",1,2,1310,1,0,5,0,0
"346",17,6,"Rye",1,2,1450,0,0,5,0,0
"347",18,6,"Rye",1,2,1870,0,0,0,0,0
"348",19,6,"Rye",1,2,1050,0,0,10,0,0
"349",20,6,"Rye",1,2,2480,0,0,0,0,0
"350",21,6,"Rye",1,2,1930,0,0,0,0,0
"351",22,6,"Rye",1,2,1670,0,0,0,0,0
"352",23,6,"Rye",1,2,2170,1,0,0,0,0
"353",24,6,"Rye",1,2,960,0,0,0,0,0
"354",25,6,"Rye",1,2,1680,0,0,0,0,0
"355",26,6,"Rye",1,2,1410,0,0,0,0,0
"356",27,6,"Rye",1,2,1960,5,0,0,0,0
"357",28,6,"Rye",1,2,2030,0,0,0,0,0
"358",29,6,"Rye",1,2,1410,0,0,0,0,0
"359",30,6,"Rye",1,2,2480,5,0,0,0,0
"360",31,6,"Rye",1,2,1080,1,0,5,0,0
"361",32,6,"Rye",1,2,650,0,0,0,0,0
"362",33,6,"Rye",1,2,1290,0,0,0,0,0
"363",34,6,"Rye",1,2,1780,5,0,0,0,10
"364",35,6,"Rye",1,2,1410,5,0,0,0,0
"365",36,6,"Rye",1,2,840,0,0,0,0,0
"366",37,6,"Rye",1,2,1960,1,0,1,0,0
"367",38,6,"Rye",1,2,960,10,10,0,0,0
"368",39,6,"Rye",1,2,920,0,0,0,0,0
"369",40,6,"Rye",1,2,1590,0,0,0,0,0
"370",41,6,"Rye",1,2,1090,0,0,0,0,0
"371",42,6,"Rye",1,2,1080,1,0,1,0,0
"372",43,6,"Rye",1,2,1460,0,0,0,0,0
"373",44,6,"Rye",1,2,960,0,0,5,0,0
"374",45,6,"Rye",1,2,1000,0,0,0,0,0
"375",46,6,"Rye",1,2,1120,0,0,0,0,0
"376",1,7,"Soil",4,2,2870,0,0,0,0,0
"377",2,7,"Soil",4,2,1070,5,5,0,0,0
"378",3,7,"Soil",4,2,800,0,0,10,0,0
"379",4,7,"Soil",4,2,1140,1,0,0,0,0
"380",5,7,"Soil",4,2,1190,0,0,0,0,0
"381",6,7,"Soil",4,2,1130,0,0,5,0,0
"382",7,7,"Soil",4,2,1980,0,0,5,0,0
"383",8,7,"Soil",4,2,1960,0,0,5,0,0
"384",9,7,"Soil",4,2,1650,5,10,0,1,0
"385",10,7,"Soil",4,2,1770,0,10,5,1,0
"386",11,7,"Soil",4,2,720,1,0,0,0,0
"387",12,7,"Soil",4,2,2000,5,0,0,0,0
"388",13,7,"Soil",4,2,1740,0,0,0,0,0
"389",14,7,"Soil",4,2,1320,0,0,0,1,0
"390",15,7,"Soil",4,2,1330,0,5,5,0,0
"391",16,7,"Soil",4,2,1770,1,0,0,0,0
"392",17,7,"Soil",4,2,1300,5,0,0,0,0
"393",18,7,"Soil",4,2,2670,10,5,10,5,0
"394",19,7,"Soil",4,2,2070,0,0,0,0,0
"395",20,7,"Soil",4,2,3270,0,0,0,5,0
"396",21,7,"Soil",4,2,1000,1,0,0,5,0
"397",22,7,"Soil",4,2,1540,0,5,5,0,0
"398",23,7,"Soil",4,2,1040,0,15,0,0,0
"399",24,7,"Soil",4,2,1070,0,0,0,5,0
"400",25,7,"Soil",4,2,2100,5,0,0,5,0
"401",26,7,"Soil",4,2,2630,0,0,0,1,0
"402",27,7,"Soil",4,2,1900,10,5,0,0,0
"403",28,7,"Soil",4,2,1340,1,0,0,0,0
"404",29,7,"Soil",4,2,1370,0,0,0,0,0
"405",30,7,"Soil",4,2,2470,0,0,0,0,0
"406",31,7,"Soil",4,2,970,0,0,0,0,0
"407",32,7,"Soil",4,2,1340,0,0,0,0,0
"408",33,7,"Soil",4,2,1840,10,5,0,0,0
"409",34,7,"Soil",4,2,1600,10,0,0,0,0
"410",35,7,"Soil",4,2,1020,10,5,0,0,0
"411",36,7,"Soil",4,2,1260,1,0,0,5,0
"412",37,7,"Soil",4,2,1210,0,10,10,5,0
"413",38,7,"Soil",4,2,1500,0,0,1,5,0
"414",39,7,"Soil",4,2,1670,0,0,0,10,0
"415",40,7,"Soil",4,2,1790,1,0,0,0,0
"416",41,7,"Soil",4,2,2890,0,0,0,0,0
"417",42,7,"Soil",4,2,1430,0,0,0,0,0
"418",43,7,"Soil",4,2,700,0,0,0,0,0
"419",44,7,"Soil",4,2,1660,0,0,0,0,0
"420",45,7,"Soil",4,2,1230,1,0,5,0,0
"421",46,7,"Soil",4,2,1240,0,0,10,1,0
"422",47,7,"Soil",4,2,740,0,0,0,0,0
"423",48,7,"Soil",4,2,720,0,0,0,0,0
"424",49,7,"Soil",4,2,1490,0,0,0,1,0
"425",50,7,"Soil",4,2,1290,1,1,10,0,0
"426",51,7,"Soil",4,2,1030,0,0,0,1,0
"427",52,7,"Soil",4,2,550,0,0,0,0,0
"428",53,7,"Soil",4,2,1480,0,5,10,0,0
"429",54,7,"Soil",4,2,1180,0,0,0,0,0
"430",55,7,"Soil",4,2,2000,0,0,1,5,0
"431",1,8,"Rye+Gly",2,2,2060,0,0,5,0,0
"432",2,8,"Rye+Gly",2,2,3200,0,5,5,0,0
"433",3,8,"Rye+Gly",2,2,1030,0,0,0,1,0
"434",4,8,"Rye+Gly",2,2,2430,0,0,0,1,0
"435",5,8,"Rye+Gly",2,2,1850,0,0,10,5,0
"436",6,8,"Rye+Gly",2,2,2080,5,0,0,0,0
"437",7,8,"Rye+Gly",2,2,2140,0,0,0,0,0
"438",8,8,"Rye+Gly",2,2,2700,0,0,5,5,0
"439",9,8,"Rye+Gly",2,2,2800,1,0,5,0,0
"440",10,8,"Rye+Gly",2,2,1260,0,60,0,0,0
"441",11,8,"Rye+Gly",2,2,1100,0,0,0,0,0
"442",12,8,"Rye+Gly",2,2,3070,0,0,0,1,0
"443",13,8,"Rye+Gly",2,2,1840,0,0,0,5,0
"444",14,8,"Rye+Gly",2,2,1660,0,0,20,0,0
"445",15,8,"Rye+Gly",2,2,1880,5,0,0,0,0
"446",16,8,"Rye+Gly",2,2,1770,0,0,0,0,0
"447",17,8,"Rye+Gly",2,2,1950,0,0,5,0,0
"448",18,8,"Rye+Gly",2,2,1880,5,0,0,5,0
"449",19,8,"Rye+Gly",2,2,1070,5,0,0,0,0
"450",20,8,"Rye+Gly",2,2,1680,0,0,0,0,0
"451",21,8,"Rye+Gly",2,2,2420,5,0,0,0,0
"452",22,8,"Rye+Gly",2,2,1110,0,0,0,0,0
"453",23,8,"Rye+Gly",2,2,1580,0,0,0,0,0
"454",24,8,"Rye+Gly",2,2,2030,0,0,10,0,0
"455",25,8,"Rye+Gly",2,2,980,0,0,1,0,0
"456",26,8,"Rye+Gly",2,2,830,0,0,0,0,0
"457",27,8,"Rye+Gly",2,2,1420,0,0,0,0,0
"458",28,8,"Rye+Gly",2,2,2640,0,0,5,0,0
"459",29,8,"Rye+Gly",2,2,1670,15,30,10,0,0
"460",30,8,"Rye+Gly",2,2,2980,0,0,0,0,0
"461",31,8,"Rye+Gly",2,2,2270,0,0,10,0,0
"462",32,8,"Rye+Gly",2,2,1940,20,40,5,0,0
"463",33,8,"Rye+Gly",2,2,2350,1,0,0,0,0
"464",34,8,"Rye+Gly",2,2,1710,5,5,0,0,0
"465",35,8,"Rye+Gly",2,2,2240,1,0,0,0,0
"466",36,8,"Rye+Gly",2,2,1440,1,0,0,0,0
"467",37,8,"Rye+Gly",2,2,1170,0,0,0,1,0
"468",38,8,"Rye+Gly",2,2,1370,0,0,0,0,0
"469",39,8,"Rye+Gly",2,2,1770,0,0,0,1,0
"470",40,8,"Rye+Gly",2,2,2600,0,0,0,5,0
"471",41,8,"Rye+Gly",2,2,2080,1,5,0,0,15
"472",42,8,"Rye+Gly",2,2,720,0,0,0,0,0
"473",43,8,"Rye+Gly",2,2,1950,5,15,0,0,0
"474",44,8,"Rye+Gly",2,2,1890,0,0,0,1,0
"475",45,8,"Rye+Gly",2,2,1180,0,0,0,0,0
"476",46,8,"Rye+Gly",2,2,1920,0,0,0,0,0
"477",47,8,"Rye+Gly",2,2,1970,0,0,0,1,0
"478",1,9,"Soil",4,3,2250,1,0,0,0,0
"479",2,9,"Soil",4,3,2930,10,5,0,0,0
"480",3,9,"Soil",4,3,1710,0,0,0,5,0
"481",4,9,"Soil",4,3,1870,0,0,0,5,0
"482",5,9,"Soil",4,3,540,1,0,0,0,0
"483",6,9,"Soil",4,3,1500,5,5,0,1,0
"484",7,9,"Soil",4,3,1000,0,0,0,1,0
"485",8,9,"Soil",4,3,1990,0,0,0,0,0
"486",9,9,"Soil",4,3,1450,5,10,0,0,0
"487",10,9,"Soil",4,3,880,0,0,0,5,0
"488",11,9,"Soil",4,3,1720,0,0,0,0,0
"489",12,9,"Soil",4,3,1800,5,20,0,5,0
"490",13,9,"Soil",4,3,810,0,0,0,0,0
"491",14,9,"Soil",4,3,1810,0,0,0,0,0
"492",15,9,"Soil",4,3,1530,0,5,5,0,0
"493",16,9,"Soil",4,3,1340,0,5,1,0,0
"494",17,9,"Soil",4,3,720,0,0,0,0,0
"495",18,9,"Soil",4,3,730,0,0,0,0,0
"496",19,9,"Soil",4,3,1150,0,50,0,0,0
"497",20,9,"Soil",4,3,1840,0,0,0,0,0
"498",21,9,"Soil",4,3,2080,0,0,0,0,0
"499",22,9,"Soil",4,3,1580,0,0,0,5,0
"500",23,9,"Soil",4,3,1600,1,0,0,0,0
"501",24,9,"Soil",4,3,2140,0,0,0,0,0
"502",25,9,"Soil",4,3,2420,0,0,0,1,0
"503",26,9,"Soil",4,3,1750,10,15,0,0,0
"504",27,9,"Soil",4,3,2350,10,15,0,0,0
"505",28,9,"Soil",4,3,1390,0,0,0,0,0
"506",29,9,"Soil",4,3,2830,5,50,0,0,0
"507",30,9,"Soil",4,3,2000,0,0,0,0,0
"508",31,9,"Soil",4,3,1650,1,0,0,0,0
"509",32,9,"Soil",4,3,1530,0,0,0,0,0
"510",33,9,"Soil",4,3,1110,0,0,0,0,0
"511",34,9,"Soil",4,3,1010,1,0,0,0,0
"512",35,9,"Soil",4,3,1400,0,0,0,0,0
"513",36,9,"Soil",4,3,1330,0,0,0,0,0
"514",37,9,"Soil",4,3,1960,0,0,0,0,0
"515",38,9,"Soil",4,3,1460,5,5,0,0,0
"516",39,9,"Soil",4,3,1440,0,0,0,5,0
"517",40,9,"Soil",4,3,2330,0,0,5,0,0
"518",41,9,"Soil",4,3,690,0,5,5,0,0
"519",42,9,"Soil",4,3,1360,0,5,0,0,0
"520",43,9,"Soil",4,3,2020,0,0,0,0,0
"521",44,9,"Soil",4,3,1020,1,1,1,0,0
"522",45,9,"Soil",4,3,490,0,0,5,0,0
"523",46,9,"Soil",4,3,510,0,0,0,0,0
"524",47,9,"Soil",4,3,1170,0,0,0,0,0
"525",48,9,"Soil",4,3,1560,10,40,0,0,0
"526",49,9,"Soil",4,3,2080,0,0,5,0,0
"527",50,9,"Soil",4,3,1690,0,0,0,0,0
"528",51,9,"Soil",4,3,1380,0,0,0,5,0
"529",52,9,"Soil",4,3,1330,5,5,0,0,0
"530",53,9,"Soil",4,3,1690,1,5,0,0,0
"531",54,9,"Soil",4,3,990,1,0,0,0,0
"532",55,9,"Soil",4,3,1380,1,1,5,0,0
"533",56,9,"Soil",4,3,2250,5,5,5,0,0
"534",57,9,"Soil",4,3,1460,5,10,0,0,0
"535",58,9,"Soil",4,3,1000,0,0,0,0,0
"536",59,9,"Soil",4,3,590,0,0,0,0,0
"537",1,10,"Rye+Gly",2,3,3120,1,0,0,0,0
"538",2,10,"Rye+Gly",2,3,1200,0,5,5,0,0
"539",3,10,"Rye+Gly",2,3,1860,0,0,0,0,0
"540",4,10,"Rye+Gly",2,3,1940,0,0,0,0,0
"541",5,10,"Rye+Gly",2,3,1810,0,0,20,0,0
"542",6,10,"Rye+Gly",2,3,1390,0,5,5,0,0
"543",7,10,"Rye+Gly",2,3,1590,0,0,5,0,0
"544",8,10,"Rye+Gly",2,3,2690,0,0,5,1,0
"545",9,10,"Rye+Gly",2,3,3030,0,0,0,0,0
"546",10,10,"Rye+Gly",2,3,1140,5,10,0,0,0
"547",11,10,"Rye+Gly",2,3,1720,0,15,0,0,0
"548",12,10,"Rye+Gly",2,3,1530,0,0,5,0,0
"549",13,10,"Rye+Gly",2,3,1160,0,0,0,0,0
"550",14,10,"Rye+Gly",2,3,800,0,0,0,0,0
"551",15,10,"Rye+Gly",2,3,930,5,0,5,1,0
"552",16,10,"Rye+Gly",2,3,2230,0,0,0,0,0
"553",17,10,"Rye+Gly",2,3,2630,0,0,0,0,0
"554",18,10,"Rye+Gly",2,3,1330,0,0,0,0,0
"555",19,10,"Rye+Gly",2,3,1620,0,0,5,0,0
"556",20,10,"Rye+Gly",2,3,1420,0,0,1,1,0
"557",21,10,"Rye+Gly",2,3,1780,0,0,1,0,0
"558",22,10,"Rye+Gly",2,3,2480,0,0,0,0,0
"559",23,10,"Rye+Gly",2,3,1500,0,0,0,0,0
"560",24,10,"Rye+Gly",2,3,2310,0,0,0,0,0
"561",25,10,"Rye+Gly",2,3,1950,0,0,0,0,0
"562",26,10,"Rye+Gly",2,3,3460,0,0,0,1,0
"563",27,10,"Rye+Gly",2,3,1250,0,5,0,1,0
"564",28,10,"Rye+Gly",2,3,2050,0,0,0,0,0
"565",29,10,"Rye+Gly",2,3,1090,0,1,0,0,0
"566",30,10,"Rye+Gly",2,3,2250,0,0,0,0,0
"567",31,10,"Rye+Gly",2,3,1180,0,0,0,0,0
"568",32,10,"Rye+Gly",2,3,1590,0,0,0,0,0
"569",33,10,"Rye+Gly",2,3,750,0,5,10,0,0
"570",34,10,"Rye+Gly",2,3,2110,0,0,0,0,0
"571",35,10,"Rye+Gly",2,3,1440,0,0,0,0,0
"572",36,10,"Rye+Gly",2,3,2090,0,5,0,0,0
"573",37,10,"Rye+Gly",2,3,2500,0,0,0,0,0
"574",38,10,"Rye+Gly",2,3,1340,1,0,0,0,0
"575",39,10,"Rye+Gly",2,3,640,0,5,0,10,0
"576",40,10,"Rye+Gly",2,3,1420,0,0,0,0,0
"577",41,10,"Rye+Gly",2,3,2090,0,0,0,0,5
"578",42,10,"Rye+Gly",2,3,1520,0,0,5,0,0
"579",43,10,"Rye+Gly",2,3,1250,1,0,1,0,0
"580",44,10,"Rye+Gly",2,3,1510,0,0,0,0,0
"581",45,10,"Rye+Gly",2,3,1850,1,0,0,0,0
"582",46,10,"Rye+Gly",2,3,1480,1,0,1,0,0
"583",47,10,"Rye+Gly",2,3,1320,1,0,0,0,0
"584",1,11,"Rye",1,3,1530,0,10,0,0,0
"585",2,11,"Rye",1,3,1950,0,0,0,0,0
"586",3,11,"Rye",1,3,1600,1,0,0,0,0
"587",4,11,"Rye",1,3,1770,0,0,0,0,0
"588",5,11,"Rye",1,3,1500,1,0,0,0,0
"589",6,11,"Rye",1,3,2050,0,0,1,0,0
"590",7,11,"Rye",1,3,780,0,0,5,0,0
"591",8,11,"Rye",1,3,1800,0,5,0,0,0
"592",9,11,"Rye",1,3,920,0,10,0,0,0
"593",10,11,"Rye",1,3,1480,0,0,5,0,0
"594",11,11,"Rye",1,3,1570,0,0,0,0,0
"595",12,11,"Rye",1,3,2000,0,0,0,0,0
"596",13,11,"Rye",1,3,1330,5,0,0,0,0
"597",14,11,"Rye",1,3,1000,0,0,0,5,0
"598",15,11,"Rye",1,3,1150,0,0,0,5,0
"599",16,11,"Rye",1,3,2060,0,0,10,0,0
"600",17,11,"Rye",1,3,1480,0,0,0,0,0
"601",18,11,"Rye",1,3,790,0,0,0,0,0
"602",19,11,"Rye",1,3,1780,0,0,0,0,0
"603",20,11,"Rye",1,3,730,0,0,0,0,0
"604",21,11,"Rye",1,3,1630,1,0,0,0,0
"605",22,11,"Rye",1,3,2640,1,10,0,0,0
"606",23,11,"Rye",1,3,1650,0,0,0,0,0
"607",24,11,"Rye",1,3,1640,1,0,0,5,0
"608",25,11,"Rye",1,3,1100,0,0,0,0,0
"609",26,11,"Rye",1,3,2850,5,10,0,0,0
"610",27,11,"Rye",1,3,1320,0,5,0,0,0
"611",28,11,"Rye",1,3,1800,0,5,1,0,0
"612",29,11,"Rye",1,3,1190,0,0,0,0,0
"613",30,11,"Rye",1,3,1380,0,0,1,1,0
"614",31,11,"Rye",1,3,980,0,0,0,0,0
"615",32,11,"Rye",1,3,1700,1,0,0,0,0
"616",33,11,"Rye",1,3,830,5,5,0,0,0
"617",34,11,"Rye",1,3,1610,1,0,0,5,0
"618",35,11,"Rye",1,3,930,0,0,1,0,0
"619",36,11,"Rye",1,3,2020,1,0,5,0,0
"620",37,11,"Rye",1,3,1100,0,0,1,0,0
"621",38,11,"Rye",1,3,2510,1,0,5,0,0
"622",39,11,"Rye",1,3,1260,0,0,0,0,0
"623",40,11,"Rye",1,3,1470,0,5,10,0,0
"624",41,11,"Rye",1,3,1790,0,0,0,0,0
"625",42,11,"Rye",1,3,1620,0,0,1,0,0
"626",43,11,"Rye",1,3,1170,0,0,0,5,0
"627",44,11,"Rye",1,3,1220,0,0,0,0,0
"628",45,11,"Rye",1,3,1180,0,0,0,0,0
"629",46,11,"Rye",1,3,2050,0,0,0,0,0
"630",47,11,"Rye",1,3,1200,0,0,1,0,0
"631",48,11,"Rye",1,3,1990,10,0,0,0,0
"632",49,11,"Rye",1,3,2540,0,0,1,0,0
"633",50,11,"Rye",1,3,1390,0,0,1,0,0
"634",51,11,"Rye",1,3,1260,5,0,0,0,0
"635",52,11,"Rye",1,3,1840,5,5,0,0,0
"636",53,11,"Rye",1,3,1120,0,0,0,0,0
"637",54,11,"Rye",1,3,1250,5,0,0,0,0
"638",55,11,"Rye",1,3,1460,0,0,0,0,0
"639",56,11,"Rye",1,3,2650,0,0,5,5,0
"640",57,11,"Rye",1,3,590,0,0,5,0,0
"641",58,11,"Rye",1,3,800,0,0,0,0,0
"642",59,11,"Rye",1,3,1370,0,0,0,0,0
"643",60,11,"Rye",1,3,1160,5,0,0,0,0
"644",61,11,"Rye",1,3,1630,0,0,5,0,0
"645",62,11,"Rye",1,3,1590,0,0,0,0,0
"646",63,11,"Rye",1,3,1220,0,10,0,0,0
"647",1,12,"Plastic",3,3,2450,0,0,0,0,0
"648",2,12,"Plastic",3,3,1540,5,0,0,0,0
"649",3,12,"Plastic",3,3,980,0,0,0,0,0
"650",4,12,"Plastic",3,3,1580,1,0,0,0,0
"651",5,12,"Plastic",3,3,1930,1,0,0,0,0
"652",6,12,"Plastic",3,3,1970,5,0,0,0,0
"653",7,12,"Plastic",3,3,1420,5,0,0,0,0
"654",8,12,"Plastic",3,3,1700,0,15,0,0,0
"655",9,12,"Plastic",3,3,1910,0,0,0,0,0
"656",10,12,"Plastic",3,3,1630,0,0,0,0,0
"657",11,12,"Plastic",3,3,2080,0,0,0,1,0
"658",12,12,"Plastic",3,3,1320,0,10,0,0,0
"659",13,12,"Plastic",3,3,2130,0,15,5,5,0
"660",14,12,"Plastic",3,3,1930,0,0,0,0,0
"661",15,12,"Plastic",3,3,2930,0,0,0,0,10
"662",16,12,"Plastic",3,3,2060,0,0,0,1,0
"663",17,12,"Plastic",3,3,1500,0,0,10,0,0
"664",18,12,"Plastic",3,3,2570,1,0,0,0,0
"665",19,12,"Plastic",3,3,2120,0,0,0,0,0
"666",20,12,"Plastic",3,3,1230,1,0,0,0,0
"667",21,12,"Plastic",3,3,2300,5,0,0,0,0
"668",22,12,"Plastic",3,3,1430,1,0,1,0,0
"669",23,12,"Plastic",3,3,1360,0,0,0,0,0
"670",24,12,"Plastic",3,3,2350,1,0,0,0,0
"671",25,12,"Plastic",3,3,1500,0,5,0,0,0
"672",26,12,"Plastic",3,3,2460,0,0,0,1,0
"673",27,12,"Plastic",3,3,1250,0,0,0,0,0
"674",28,12,"Plastic",3,3,1730,0,0,0,0,0
"675",29,12,"Plastic",3,3,1240,0,0,0,0,0
"676",30,12,"Plastic",3,3,780,0,0,10,0,0
"677",31,12,"Plastic",3,3,1520,0,0,0,0,0
"678",32,12,"Plastic",3,3,2560,0,15,0,0,0
"679",33,12,"Plastic",3,3,1010,0,0,0,0,0
"680",34,12,"Plastic",3,3,2380,0,5,0,0,0
"681",35,12,"Plastic",3,3,1620,0,0,0,5,0
"682",36,12,"Plastic",3,3,1420,1,0,5,0,0
"683",37,12,"Plastic",3,3,1340,5,0,0,0,0
"684",38,12,"Plastic",3,3,1760,1,0,0,1,0
"685",39,12,"Plastic",3,3,850,0,0,0,0,0
"686",40,12,"Plastic",3,3,1270,0,0,0,0,0
"687",41,12,"Plastic",3,3,1120,0,0,0,0,0
"688",42,12,"Plastic",3,3,1900,0,0,0,0,0
"689",43,12,"Plastic",3,3,1020,5,0,0,0,0
"690",44,12,"Plastic",3,3,940,1,0,0,0,0
"691",45,12,"Plastic",3,3,1150,0,0,0,0,0
"692",46,12,"Plastic",3,3,970,0,0,0,0,0
"693",47,12,"Plastic",3,3,1620,0,0,0,0,0
"694",48,12,"Plastic",3,3,2420,5,0,0,0,0
"695",49,12,"Plastic",3,3,1740,0,0,0,0,0
"696",50,12,"Plastic",3,3,1080,0,0,5,0,0
"697",51,12,"Plastic",3,3,980,5,5,5,0,0
"698",52,12,"Plastic",3,3,1490,0,0,0,0,0
"699",53,12,"Plastic",3,3,1550,5,0,0,5,0
"700",54,12,"Plastic",3,3,1000,5,0,0,0,0
"701",55,12,"Plastic",3,3,1050,0,0,0,0,0
"702",56,12,"Plastic",3,3,2310,1,0,0,1,0
"703",57,12,"Plastic",3,3,1230,0,0,0,0,0
"704",58,12,"Plastic",3,3,1680,1,0,0,0,0
"705",59,12,"Plastic",3,3,2820,0,0,0,0,0
"706",60,12,"Plastic",3,3,1440,0,0,1,0,0
"707",61,12,"Plastic",3,3,650,0,0,0,5,0
"708",62,12,"Plastic",3,3,750,0,0,0,0,0
"709",63,12,"Plastic",3,3,1450,0,0,0,5,0
"710",64,12,"Plastic",3,3,1800,0,0,0,0,0
"711",65,12,"Plastic",3,3,1830,1,0,0,0,0
"712",66,12,"Plastic",3,3,1440,1,0,0,0,0
"713",67,12,"Plastic",3,3,1360,0,0,0,0,0
"714",1,13,"Plastic",3,4,1080,5,0,0,0,0
"715",2,13,"Plastic",3,4,2130,1,0,5,0,0
"716",3,13,"Plastic",3,4,2470,5,0,0,0,0
"717",4,13,"Plastic",3,4,2230,5,0,0,0,0
"718",5,13,"Plastic",3,4,670,0,20,0,0,0
"719",6,13,"Plastic",3,4,1130,5,0,0,0,0
"720",7,13,"Plastic",3,4,1920,0,0,1,0,0
"721",8,13,"Plastic",3,4,1610,0,0,0,0,0
"722",9,13,"Plastic",3,4,1680,0,0,0,0,0
"723",10,13,"Plastic",3,4,860,0,0,5,0,0
"724",11,13,"Plastic",3,4,2640,0,0,0,0,0
"725",12,13,"Plastic",3,4,2160,0,0,0,0,0
"726",13,13,"Plastic",3,4,1580,0,0,5,0,0
"727",14,13,"Plastic",3,4,1950,0,0,0,0,0
"728",15,13,"Plastic",3,4,1180,5,0,0,0,0
"729",16,13,"Plastic",3,4,1120,0,0,0,0,0
"730",17,13,"Plastic",3,4,1530,0,5,0,0,0
"731",18,13,"Plastic",3,4,1050,0,0,0,0,0
"732",19,13,"Plastic",3,4,900,5,0,0,0,0
"733",20,13,"Plastic",3,4,1800,0,0,0,0,0
"734",21,13,"Plastic",3,4,1340,0,0,0,0,0
"735",22,13,"Plastic",3,4,830,0,0,5,0,0
"736",23,13,"Plastic",3,4,1260,0,0,0,0,0
"737",24,13,"Plastic",3,4,1830,0,0,0,0,0
"738",25,13,"Plastic",3,4,1340,0,0,0,0,0
"739",26,13,"Plastic",3,4,1330,1,0,0,0,0
"740",27,13,"Plastic",3,4,1170,0,0,0,0,0
"741",28,13,"Plastic",3,4,1660,0,15,0,0,0
"742",29,13,"Plastic",3,4,1030,0,0,0,0,0
"743",30,13,"Plastic",3,4,640,0,0,0,0,0
"744",31,13,"Plastic",3,4,1410,1,0,0,0,10
"745",32,13,"Plastic",3,4,2020,0,15,0,0,0
"746",33,13,"Plastic",3,4,1300,0,0,0,1,0
"747",34,13,"Plastic",3,4,1190,5,0,0,0,0
"748",35,13,"Plastic",3,4,770,0,0,0,0,0
"749",36,13,"Plastic",3,4,1610,0,0,0,0,0
"750",37,13,"Plastic",3,4,2080,1,0,0,0,0
"751",38,13,"Plastic",3,4,800,0,0,0,0,0
"752",39,13,"Plastic",3,4,1530,1,0,0,0,0
"753",40,13,"Plastic",3,4,1570,0,0,0,0,0
"754",41,13,"Plastic",3,4,1330,0,0,0,0,0
"755",42,13,"Plastic",3,4,1020,0,0,5,0,0
"756",43,13,"Plastic",3,4,1590,10,0,0,0,0
"757",44,13,"Plastic",3,4,1100,0,10,0,0,0
"758",45,13,"Plastic",3,4,550,0,10,0,0,0
"759",46,13,"Plastic",3,4,760,0,0,0,0,0
"760",47,13,"Plastic",3,4,1550,0,0,0,0,0
"761",48,13,"Plastic",3,4,1260,0,0,0,0,0
"762",49,13,"Plastic",3,4,1530,0,25,0,0,0
"763",50,13,"Plastic",3,4,740,1,0,0,0,0
"764",51,13,"Plastic",3,4,1010,0,0,0,0,0
"765",52,13,"Plastic",3,4,1070,1,0,0,0,0
"766",53,13,"Plastic",3,4,1030,0,0,0,0,0
"767",54,13,"Plastic",3,4,810,0,0,0,0,0
"768",55,13,"Plastic",3,4,950,0,20,0,0,0
"769",56,13,"Plastic",3,4,900,0,0,0,0,0
"770",57,13,"Plastic",3,4,1370,0,10,0,0,0
"771",58,13,"Plastic",3,4,1290,0,0,0,1,0
"772",59,13,"Plastic",3,4,1000,0,5,1,1,0
"773",60,13,"Plastic",3,4,1130,5,5,0,5,0
"774",61,13,"Plastic",3,4,2000,0,0,0,0,0
"775",62,13,"Plastic",3,4,720,0,0,0,0,0
"776",63,13,"Plastic",3,4,1060,10,5,0,0,0
"777",64,13,"Plastic",3,4,1380,0,10,0,0,0
"778",65,13,"Plastic",3,4,1170,10,5,15,0,0
"779",66,13,"Plastic",3,4,1210,10,10,0,0,0
"780",67,13,"Plastic",3,4,690,0,0,0,0,0
"781",68,13,"Plastic",3,4,580,0,0,0,0,0
"782",1,14,"Soil",4,4,35100,0,0,1,0,0
"783",2,14,"Soil",4,4,2550,10,1,5,0,0
"784",3,14,"Soil",4,4,1290,0,0,5,0,0
"785",4,14,"Soil",4,4,1070,0,0,0,0,0
"786",5,14,"Soil",4,4,2210,5,0,5,0,0
"787",6,14,"Soil",4,4,1410,0,0,0,0,0
"788",7,14,"Soil",4,4,1060,0,0,0,1,0
"789",8,14,"Soil",4,4,2330,10,0,0,0,0
"790",9,14,"Soil",4,4,1840,0,0,5,0,0
"791",10,14,"Soil",4,4,1450,0,0,5,0,0
"792",11,14,"Soil",4,4,1750,0,0,5,0,0
"793",12,14,"Soil",4,4,1810,0,0,5,0,0
"794",13,14,"Soil",4,4,1770,0,0,1,1,0
"795",14,14,"Soil",4,4,2500,0,0,15,5,0
"796",15,14,"Soil",4,4,2740,1,0,0,0,0
"797",16,14,"Soil",4,4,1650,0,0,0,0,0
"798",17,14,"Soil",4,4,1260,0,0,5,0,0
"799",18,14,"Soil",4,4,1790,10,5,10,0,0
"800",19,14,"Soil",4,4,1460,0,0,1,0,0
"801",20,14,"Soil",4,4,1950,0,1,10,1,0
"802",21,14,"Soil",4,4,1340,1,5,0,0,0
"803",22,14,"Soil",4,4,2140,5,10,5,0,0
"804",23,14,"Soil",4,4,1600,0,0,0,0,0
"805",24,14,"Soil",4,4,2020,1,1,0,0,0
"806",25,14,"Soil",4,4,1470,1,0,0,0,0
"807",26,14,"Soil",4,4,1270,15,50,5,0,0
"808",27,14,"Soil",4,4,680,5,0,0,0,0
"809",28,14,"Soil",4,4,1230,0,0,5,0,0
"810",29,14,"Soil",4,4,1760,1,0,1,0,0
"811",30,14,"Soil",4,4,1900,5,0,0,0,0
"812",31,14,"Soil",4,4,1990,0,0,10,0,0
"813",32,14,"Soil",4,4,1580,0,0,0,0,0
"814",33,14,"Soil",4,4,1030,0,0,0,0,0
"815",34,14,"Soil",4,4,1740,0,0,10,0,0
"816",35,14,"Soil",4,4,1410,15,15,10,0,0
"817",36,14,"Soil",4,4,710,0,0,0,0,0
"818",37,14,"Soil",4,4,2190,1,0,0,0,0
"819",38,14,"Soil",4,4,1690,1,0,0,0,0
"820",39,14,"Soil",4,4,1300,5,10,0,0,0
"821",40,14,"Soil",4,4,1640,0,0,1,0,0
"822",41,14,"Soil",4,4,2060,5,10,0,0,0
"823",1,15,"Rye+Gly",2,4,3250,5,5,0,0,0
"824",2,15,"Rye+Gly",2,4,1700,0,0,0,0,0
"825",3,15,"Rye+Gly",2,4,1120,0,0,0,0,0
"826",4,15,"Rye+Gly",2,4,2200,0,0,1,1,0
"827",5,15,"Rye+Gly",2,4,2180,1,5,5,0,0
"828",6,15,"Rye+Gly",2,4,2120,5,20,0,0,0
"829",7,15,"Rye+Gly",2,4,1550,0,0,0,5,0
"830",8,15,"Rye+Gly",2,4,1250,0,0,10,0,0
"831",9,15,"Rye+Gly",2,4,1300,0,0,0,0,0
"832",10,15,"Rye+Gly",2,4,1770,0,0,0,0,0
"833",11,15,"Rye+Gly",2,4,1270,1,10,0,5,0
"834",12,15,"Rye+Gly",2,4,1730,0,0,0,0,0
"835",13,15,"Rye+Gly",2,4,2070,0,0,0,0,0
"836",14,15,"Rye+Gly",2,4,1880,0,0,0,0,0
"837",15,15,"Rye+Gly",2,4,1860,5,0,5,0,0
"838",16,15,"Rye+Gly",2,4,1870,0,0,0,0,0
"839",17,15,"Rye+Gly",2,4,1180,1,0,0,0,0
"840",18,15,"Rye+Gly",2,4,2160,0,0,1,0,0
"841",19,15,"Rye+Gly",2,4,1510,5,5,0,0,0
"842",20,15,"Rye+Gly",2,4,1010,0,0,0,5,0
"843",21,15,"Rye+Gly",2,4,1440,0,0,0,0,0
"844",22,15,"Rye+Gly",2,4,1940,0,0,0,0,0
"845",23,15,"Rye+Gly",2,4,2520,0,0,5,0,0
"846",24,15,"Rye+Gly",2,4,1680,0,0,0,1,0
"847",25,15,"Rye+Gly",2,4,1750,0,0,1,0,0
"848",26,15,"Rye+Gly",2,4,1740,0,0,0,0,0
"849",27,15,"Rye+Gly",2,4,2090,0,0,0,0,0
"850",28,15,"Rye+Gly",2,4,2610,0,0,0,0,0
"851",29,15,"Rye+Gly",2,4,2580,5,5,0,0,0
"852",30,15,"Rye+Gly",2,4,830,0,0,0,0,0
"853",31,15,"Rye+Gly",2,4,760,0,0,0,0,0
"854",32,15,"Rye+Gly",2,4,1230,0,0,0,0,0
"855",33,15,"Rye+Gly",2,4,1440,0,0,0,0,0
"856",34,15,"Rye+Gly",2,4,1570,0,0,15,0,0
"857",35,15,"Rye+Gly",2,4,1750,0,0,0,0,0
"858",36,15,"Rye+Gly",2,4,1900,0,0,0,0,0
"859",37,15,"Rye+Gly",2,4,1960,0,0,10,0,0
"860",38,15,"Rye+Gly",2,4,2400,0,0,0,0,0
"861",39,15,"Rye+Gly",2,4,2060,0,0,1,0,0
"862",40,15,"Rye+Gly",2,4,970,0,0,5,5,0
"863",41,15,"Rye+Gly",2,4,1180,1,0,0,0,0
"864",42,15,"Rye+Gly",2,4,1210,0,0,0,0,0
"865",43,15,"Rye+Gly",2,4,740,1,0,0,0,0
"866",44,15,"Rye+Gly",2,4,1420,5,0,0,0,0
"867",45,15,"Rye+Gly",2,4,1730,0,0,0,0,0
"868",46,15,"Rye+Gly",2,4,1010,0,0,0,0,0
"869",47,15,"Rye+Gly",2,4,580,0,0,0,0,0
"870",48,15,"Rye+Gly",2,4,1580,0,0,0,0,0
"871",49,15,"Rye+Gly",2,4,840,0,0,5,0,0
"872",50,15,"Rye+Gly",2,4,860,0,0,0,0,0
"873",51,15,"Rye+Gly",2,4,920,5,0,5,0,0
"874",52,15,"Rye+Gly",2,4,1520,1,0,5,0,0
"875",53,15,"Rye+Gly",2,4,1220,1,1,0,0,0
"876",54,15,"Rye+Gly",2,4,2240,5,0,0,0,0
"877",1,16,"Rye",1,4,3030,0,0,1,0,0
"878",2,16,"Rye",1,4,1180,0,0,1,0,0
"879",3,16,"Rye",1,4,1560,0,0,0,0,0
"880",4,16,"Rye",1,4,1700,1,0,0,0,0
"881",5,16,"Rye",1,4,1150,0,0,0,0,0
"882",6,16,"Rye",1,4,2040,0,0,0,0,0
"883",7,16,"Rye",1,4,1200,0,0,0,0,0
"884",8,16,"Rye",1,4,1640,1,0,0,0,0
"885",9,16,"Rye",1,4,1740,0,0,1,0,0
"886",10,16,"Rye",1,4,2260,0,0,15,0,0
"887",11,16,"Rye",1,4,1370,1,10,0,0,0
"888",12,16,"Rye",1,4,3290,0,0,5,0,0
"889",13,16,"Rye",1,4,1100,1,0,0,0,0
"890",14,16,"Rye",1,4,1610,0,0,0,0,0
"891",15,16,"Rye",1,4,2170,0,0,0,0,0
"892",16,16,"Rye",1,4,2240,0,0,1,0,0
"893",17,16,"Rye",1,4,2020,0,0,0,0,1
"894",18,16,"Rye",1,4,1680,0,0,0,0,0
"895",19,16,"Rye",1,4,1530,0,0,0,0,0
"896",20,16,"Rye",1,4,2040,0,5,5,0,0
"897",21,16,"Rye",1,4,2280,10,10,0,0,0
"898",22,16,"Rye",1,4,1760,0,0,0,0,0
"899",23,16,"Rye",1,4,970,5,0,0,0,0
"900",24,16,"Rye",1,4,1180,1,0,0,0,0
"901",25,16,"Rye",1,4,1420,0,0,0,0,0
"902",26,16,"Rye",1,4,2240,0,0,10,0,0
"903",27,16,"Rye",1,4,2120,0,0,0,0,0
"904",28,16,"Rye",1,4,2650,0,0,10,0,0
"905",29,16,"Rye",1,4,2060,0,0,0,0,0
"906",30,16,"Rye",1,4,2400,5,0,0,0,0
"907",31,16,"Rye",1,4,1520,0,0,0,0,0
"908",32,16,"Rye",1,4,2090,0,0,10,0,0
"909",33,16,"Rye",1,4,1650,1,0,5,0,0
"910",34,16,"Rye",1,4,1780,0,0,1,0,0
"911",35,16,"Rye",1,4,990,1,0,0,0,0
"912",36,16,"Rye",1,4,1120,0,0,0,0,0
"913",37,16,"Rye",1,4,1280,5,0,0,0,0
"914",38,16,"Rye",1,4,1610,0,0,0,1,0
"915",39,16,"Rye",1,4,1530,0,0,0,0,0
"916",40,16,"Rye",1,4,1520,0,0,0,0,0
"917",41,16,"Rye",1,4,1130,1,0,5,0,0
"918",42,16,"Rye",1,4,1240,5,0,0,0,0
"919",43,16,"Rye",1,4,1220,0,0,0,0,0
"920",44,16,"Rye",1,4,1980,0,0,0,0,0
"921",45,16,"Rye",1,4,1520,0,0,0,0,0
"922",46,16,"Rye",1,4,1800,0,0,0,0,0
"923",47,16,"Rye",1,4,1810,0,0,0,0,0
"924",48,16,"Rye",1,4,1180,0,0,0,0,0
"925",49,16,"Rye",1,4,1950,0,0,0,0,0
"926",50,16,"Rye",1,4,1660,0,0,0,0,0
"927",51,16,"Rye",1,4,1470,0,0,0,0,0
"928",52,16,"Rye",1,4,1320,0,0,0,0,0
"929",53,16,"Rye",1,4,1240,0,0,0,0,0
"930",54,16,"Rye",1,4,1380,0,0,0,0,0
"931",55,16,"Rye",1,4,1630,0,0,0,0,0
"932",56,16,"Rye",1,4,1650,0,0,0,0,0
"933",1,17,"Plastic",3,5,1970,0,0,0,0,0
"934",2,17,"Plastic",3,5,2190,0,0,0,0,0
"935",3,17,"Plastic",3,5,1200,0,0,0,0,0
"936",4,17,"Plastic",3,5,1690,0,0,0,1,0
"937",5,17,"Plastic",3,5,2010,0,0,0,0,0
"938",6,17,"Plastic",3,5,1800,5,0,0,5,0
"939",7,17,"Plastic",3,5,2400,10,0,10,1,0
"940",8,17,"Plastic",3,5,2030,10,0,0,1,0
"941",9,17,"Plastic",3,5,2990,10,0,0,0,0
"942",10,17,"Plastic",3,5,1650,0,0,0,0,0
"943",11,17,"Plastic",3,5,1480,0,0,0,0,0
"944",12,17,"Plastic",3,5,1190,1,0,0,0,0
"945",13,17,"Plastic",3,5,1990,0,10,0,10,0
"946",14,17,"Plastic",3,5,1500,5,0,0,0,0
"947",15,17,"Plastic",3,5,2770,1,0,5,0,0
"948",16,17,"Plastic",3,5,1220,1,0,0,0,0
"949",17,17,"Plastic",3,5,1680,0,0,5,1,0
"950",18,17,"Plastic",3,5,1410,0,0,1,0,0
"951",19,17,"Plastic",3,5,850,0,0,1,1,0
"952",20,17,"Plastic",3,5,2000,0,0,0,0,0
"953",21,17,"Plastic",3,5,1450,0,0,0,0,0
"954",22,17,"Plastic",3,5,1820,10,0,0,0,0
"955",23,17,"Plastic",3,5,1470,0,0,0,0,0
"956",24,17,"Plastic",3,5,1570,1,0,0,0,0
"957",25,17,"Plastic",3,5,2150,1,0,0,0,0
"958",26,17,"Plastic",3,5,1690,0,0,0,1,0
"959",27,17,"Plastic",3,5,1090,0,100,0,0,0
"960",28,17,"Plastic",3,5,1700,0,0,0,0,0
"961",29,17,"Plastic",3,5,1630,0,0,0,5,0
"962",30,17,"Plastic",3,5,1500,0,0,0,0,0
"963",31,17,"Plastic",3,5,1420,1,0,0,0,0
"964",32,17,"Plastic",3,5,1330,0,0,5,0,0
"965",33,17,"Plastic",3,5,1120,1,5,0,0,0
"966",34,17,"Plastic",3,5,1300,0,0,0,0,0
"967",35,17,"Plastic",3,5,1120,0,0,0,0,0
"968",36,17,"Plastic",3,5,1660,5,0,0,0,0
"969",37,17,"Plastic",3,5,1790,0,0,5,0,0
"970",38,17,"Plastic",3,5,1000,0,10,0,5,0
"971",39,17,"Plastic",3,5,1050,0,10,5,0,0
"972",40,17,"Plastic",3,5,1530,0,0,0,1,0
"973",41,17,"Plastic",3,5,1890,5,0,0,10,0
"974",42,17,"Plastic",3,5,1880,0,0,5,0,0
"975",43,17,"Plastic",3,5,1060,10,0,0,0,0
"976",44,17,"Plastic",3,5,1640,1,0,0,0,0
"977",45,17,"Plastic",3,5,1160,0,0,0,5,0
"978",46,17,"Plastic",3,5,1140,1,0,0,0,0
"979",47,17,"Plastic",3,5,1350,5,0,0,0,0
"980",48,17,"Plastic",3,5,880,0,100,0,0,0
"981",49,17,"Plastic",3,5,730,0,0,0,0,0
"982",50,17,"Plastic",3,5,1400,0,0,0,0,0
"983",51,17,"Plastic",3,5,1590,0,25,0,0,0
"984",52,17,"Plastic",3,5,1580,5,0,0,0,0
"985",53,17,"Plastic",3,5,1710,0,10,0,0,0
"986",54,17,"Plastic",3,5,1730,5,0,5,1,0
"987",55,17,"Plastic",3,5,1220,0,0,1,0,0
"988",56,17,"Plastic",3,5,870,0,0,0,0,0
"989",57,17,"Plastic",3,5,980,5,0,0,5,0
"990",58,17,"Plastic",3,5,1700,0,0,0,5,0
"991",59,17,"Plastic",3,5,1800,0,0,0,1,0
"992",60,17,"Plastic",3,5,1600,10,0,0,0,0
"993",61,17,"Plastic",3,5,1470,0,0,0,0,0
"994",62,17,"Plastic",3,5,1140,0,5,0,0,0
"995",63,17,"Plastic",3,5,1030,0,0,0,0,0
"996",64,17,"Plastic",3,5,1510,5,15,0,0,0
"997",65,17,"Plastic",3,5,1930,0,0,0,0,0
"998",66,17,"Plastic",3,5,840,0,0,0,0,0
"999",67,17,"Plastic",3,5,1190,0,15,0,0,0
"1000",68,17,"Plastic",3,5,1220,0,0,1,0,0
"1001",69,17,"Plastic",3,5,910,0,0,0,0,0
"1002",1,18,"Rye+Gly",2,5,1910,0,0,0,5,0
"1003",2,18,"Rye+Gly",2,5,1820,0,0,0,0,5
"1004",3,18,"Rye+Gly",2,5,820,0,10,0,0,0
"1005",4,18,"Rye+Gly",2,5,760,0,0,0,0,0
"1006",5,18,"Rye+Gly",2,5,2820,0,0,10,0,0
"1007",6,18,"Rye+Gly",2,5,850,0,0,5,0,0
"1008",7,18,"Rye+Gly",2,5,1330,0,0,0,5,0
"1009",8,18,"Rye+Gly",2,5,1360,5,0,15,0,0
"1010",9,18,"Rye+Gly",2,5,1520,5,0,0,0,0
"1011",10,18,"Rye+Gly",2,5,1190,5,0,5,0,0
"1012",11,18,"Rye+Gly",2,5,1520,10,10,10,5,0
"1013",12,18,"Rye+Gly",2,5,1600,0,0,0,0,0
"1014",13,18,"Rye+Gly",2,5,1040,0,0,0,0,0
"1015",14,18,"Rye+Gly",2,5,1310,0,0,1,0,0
"1016",15,18,"Rye+Gly",2,5,920,0,0,5,0,0
"1017",16,18,"Rye+Gly",2,5,1260,0,0,1,0,0
"1018",17,18,"Rye+Gly",2,5,1200,0,0,20,0,0
"1019",18,18,"Rye+Gly",2,5,1230,0,0,0,0,0
"1020",19,18,"Rye+Gly",2,5,870,0,0,1,0,0
"1021",20,18,"Rye+Gly",2,5,1070,0,0,0,0,0
"1022",21,18,"Rye+Gly",2,5,2250,10,0,0,0,0
"1023",22,18,"Rye+Gly",2,5,1330,5,0,1,0,0
"1024",23,18,"Rye+Gly",2,5,1010,0,0,0,0,0
"1025",24,18,"Rye+Gly",2,5,820,0,0,0,0,0
"1026",25,18,"Rye+Gly",2,5,1040,0,0,5,0,0
"1027",26,18,"Rye+Gly",2,5,2670,5,0,5,0,0
"1028",27,18,"Rye+Gly",2,5,1670,0,0,10,0,0
"1029",28,18,"Rye+Gly",2,5,2200,0,0,0,0,0
"1030",29,18,"Rye+Gly",2,5,2320,5,0,1,0,0
"1031",30,18,"Rye+Gly",2,5,1130,0,0,0,0,0
"1032",31,18,"Rye+Gly",2,5,2780,0,0,10,0,0
"1033",32,18,"Rye+Gly",2,5,1390,0,0,1,0,0
"1034",33,18,"Rye+Gly",2,5,1230,0,0,5,0,0
"1035",34,18,"Rye+Gly",2,5,1530,0,0,1,0,0
"1036",35,18,"Rye+Gly",2,5,720,0,0,0,0,0
"1037",36,18,"Rye+Gly",2,5,860,0,0,1,0,0
"1038",37,18,"Rye+Gly",2,5,1070,1,0,0,0,0
"1039",38,18,"Rye+Gly",2,5,1400,5,0,5,0,0
"1040",39,18,"Rye+Gly",2,5,1120,0,15,0,0,0
"1041",40,18,"Rye+Gly",2,5,2700,1,0,0,5,0
"1042",41,18,"Rye+Gly",2,5,1080,0,0,0,5,0
"1043",42,18,"Rye+Gly",2,5,750,0,0,0,0,0
"1044",43,18,"Rye+Gly",2,5,1180,0,0,0,0,0
"1045",44,18,"Rye+Gly",2,5,2030,5,0,0,0,0
"1046",45,18,"Rye+Gly",2,5,1800,0,0,0,10,0
"1047",46,18,"Rye+Gly",2,5,1190,0,0,0,0,0
"1048",47,18,"Rye+Gly",2,5,2470,0,0,0,1,0
"1049",48,18,"Rye+Gly",2,5,1750,0,0,0,0,0
"1050",49,18,"Rye+Gly",2,5,1330,0,0,0,0,0
"1051",50,18,"Rye+Gly",2,5,910,0,10,0,0,0
"1052",51,18,"Rye+Gly",2,5,1620,0,0,0,0,0
"1053",52,18,"Rye+Gly",2,5,870,5,0,0,0,0
"1054",53,18,"Rye+Gly",2,5,2430,1,0,5,0,0
"1055",1,19,"Rye",1,5,3170,0,0,0,1,0
"1056",2,19,"Rye",1,5,1780,0,0,0,1,0
"1057",3,19,"Rye",1,5,1240,1,0,0,0,0
"1058",4,19,"Rye",1,5,1500,5,0,5,0,0
"1059",5,19,"Rye",1,5,1490,0,0,0,0,0
"1060",6,19,"Rye",1,5,1650,0,0,1,0,0
"1061",7,19,"Rye",1,5,2150,0,0,5,5,0
"1062",8,19,"Rye",1,5,1370,0,0,0,0,0
"1063",9,19,"Rye",1,5,880,5,0,0,0,0
"1064",10,19,"Rye",1,5,2330,0,0,0,0,0
"1065",11,19,"Rye",1,5,1930,0,0,0,0,0
"1066",12,19,"Rye",1,5,1370,0,0,5,0,0
"1067",13,19,"Rye",1,5,1240,0,0,0,0,0
"1068",14,19,"Rye",1,5,990,0,0,5,0,0
"1069",15,19,"Rye",1,5,2410,5,0,0,0,0
"1070",16,19,"Rye",1,5,1720,0,0,0,0,0
"1071",17,19,"Rye",1,5,2570,0,0,0,0,0
"1072",18,19,"Rye",1,5,1110,0,0,0,0,0
"1073",19,19,"Rye",1,5,2570,0,0,0,1,0
"1074",20,19,"Rye",1,5,1590,1,0,0,0,0
"1075",21,19,"Rye",1,5,1230,1,0,0,0,0
"1076",22,19,"Rye",1,5,1890,0,0,1,0,0
"1077",23,19,"Rye",1,5,1710,0,0,5,0,0
"1078",24,19,"Rye",1,5,1010,10,0,0,0,0
"1079",25,19,"Rye",1,5,870,1,0,0,0,0
"1080",26,19,"Rye",1,5,1350,0,0,0,5,0
"1081",27,19,"Rye",1,5,1870,0,0,0,0,0
"1082",28,19,"Rye",1,5,2260,0,0,0,0,0
"1083",29,19,"Rye",1,5,1880,0,0,0,0,0
"1084",30,19,"Rye",1,5,1720,5,0,0,0,0
"1085",31,19,"Rye",1,5,1870,0,0,0,5,0
"1086",32,19,"Rye",1,5,2340,0,0,0,0,0
"1087",33,19,"Rye",1,5,1800,5,0,0,0,0
"1088",34,19,"Rye",1,5,1880,0,0,0,5,0
"1089",35,19,"Rye",1,5,1350,1,0,0,0,0
"1090",36,19,"Rye",1,5,2130,0,0,0,0,0
"1091",37,19,"Rye",1,5,2600,0,0,0,0,0
"1092",38,19,"Rye",1,5,1420,1,0,1,0,0
"1093",39,19,"Rye",1,5,1620,5,0,0,0,0
"1094",40,19,"Rye",1,5,1960,0,0,5,0,0
"1095",41,19,"Rye",1,5,930,1,0,0,0,0
"1096",42,19,"Rye",1,5,1000,0,0,0,1,0
"1097",43,19,"Rye",1,5,1350,0,0,0,0,0
"1098",44,19,"Rye",1,5,2550,0,0,10,5,0
"1099",45,19,"Rye",1,5,1870,0,0,0,10,0
"1100",46,19,"Rye",1,5,1400,0,0,5,0,0
"1101",47,19,"Rye",1,5,2510,0,0,0,0,0
"1102",48,19,"Rye",1,5,2430,1,0,0,0,0
"1103",49,19,"Rye",1,5,1770,0,0,5,0,0
"1104",50,19,"Rye",1,5,930,5,0,0,0,0
"1105",51,19,"Rye",1,5,1720,0,0,0,0,0
"1106",52,19,"Rye",1,5,2220,0,0,5,0,0
"1107",53,19,"Rye",1,5,1450,0,0,0,0,0
"1108",54,19,"Rye",1,5,1350,0,0,0,0,0
"1109",55,19,"Rye",1,5,1540,0,0,0,1,0
"1110",56,19,"Rye",1,5,1360,5,0,0,0,0
"1111",57,19,"Rye",1,5,2040,5,0,0,0,0
"1112",58,19,"Rye",1,5,1940,0,0,0,0,0
"1113",59,19,"Rye",1,5,1740,1,0,0,0,0
"1114",60,19,"Rye",1,5,2130,1,0,0,0,0
"1115",61,19,"Rye",1,5,890,0,0,0,0,0
"1116",1,20,"Soil",4,5,3880,15,0,0,0,0
"1117",2,20,"Soil",4,5,1290,5,0,0,0,0
"1118",3,20,"Soil",4,5,1920,10,0,10,0,0
"1119",4,20,"Soil",4,5,1290,0,0,0,0,0
"1120",5,20,"Soil",4,5,2220,0,0,5,0,0
"1121",6,20,"Soil",4,5,960,15,0,0,0,0
"1122",7,20,"Soil",4,5,1080,0,0,0,0,0
"1123",8,20,"Soil",4,5,1280,1,0,0,0,0
"1124",9,20,"Soil",4,5,1550,1,0,0,0,0
"1125",10,20,"Soil",4,5,2280,0,0,0,5,0
"1126",11,20,"Soil",4,5,1970,1,0,0,0,0
"1127",12,20,"Soil",4,5,1560,5,0,5,5,0
"1128",13,20,"Soil",4,5,1740,0,0,0,0,0
"1129",14,20,"Soil",4,5,2100,0,0,1,0,0
"1130",15,20,"Soil",4,5,2160,10,0,0,0,0
"1131",16,20,"Soil",4,5,740,0,0,5,0,0
"1132",17,20,"Soil",4,5,2980,1,0,1,0,0
"1133",18,20,"Soil",4,5,1390,0,50,0,0,0
"1134",19,20,"Soil",4,5,2930,5,0,1,0,0
"1135",20,20,"Soil",4,5,550,15,0,0,0,0
"1136",21,20,"Soil",4,5,1230,20,0,0,0,0
"1137",22,20,"Soil",4,5,1440,0,0,5,1,0
"1138",23,20,"Soil",4,5,1100,10,5,0,0,0
"1139",24,20,"Soil",4,5,2550,5,0,1,0,0
"1140",25,20,"Soil",4,5,1110,5,0,0,0,0
"1141",26,20,"Soil",4,5,1420,0,0,0,0,0
"1142",27,20,"Soil",4,5,1580,5,0,0,0,0
"1143",28,20,"Soil",4,5,1630,0,0,0,0,0
"1144",29,20,"Soil",4,5,1710,0,0,0,0,0
"1145",30,20,"Soil",4,5,1820,25,0,0,0,0
"1146",31,20,"Soil",4,5,2840,5,0,0,1,0
"1147",32,20,"Soil",4,5,1210,0,0,0,0,0
"1148",33,20,"Soil",4,5,1300,0,0,0,0,0
"1149",34,20,"Soil",4,5,1570,1,0,0,0,0
"1150",35,20,"Soil",4,5,800,10,0,0,0,0
"1151",36,20,"Soil",4,5,930,0,0,0,0,0
"1152",37,20,"Soil",4,5,980,1,0,5,0,0
"1153",38,20,"Soil",4,5,1480,0,0,5,1,0
"1154",39,20,"Soil",4,5,1520,5,0,0,5,0
"1155",40,20,"Soil",4,5,1910,5,0,0,1,0
"1156",41,20,"Soil",4,5,930,0,0,5,0,0
"1157",42,20,"Soil",4,5,1760,1,0,0,0,0
"1158",1,21,"Soil",4,6,2900,0,0,0,0,0
"1159",2,21,"Soil",4,6,1570,0,0,0,0,0
"1160",3,21,"Soil",4,6,2000,1,0,0,0,0
"1161",4,21,"Soil",4,6,1070,0,0,0,0,0
"1162",5,21,"Soil",4,6,2990,0,0,0,1,0
"1163",6,21,"Soil",4,6,2240,0,0,5,0,0
"1164",7,21,"Soil",4,6,2360,0,0,0,0,0
"1165",8,21,"Soil",4,6,1740,0,0,0,0,0
"1166",9,21,"Soil",4,6,1620,5,10,0,0,0
"1167",10,21,"Soil",4,6,880,5,0,0,0,0
"1168",11,21,"Soil",4,6,1810,10,50,1,0,0
"1169",12,21,"Soil",4,6,1470,0,0,0,0,0
"1170",13,21,"Soil",4,6,1480,5,0,0,0,0
"1171",14,21,"Soil",4,6,1480,0,0,1,0,0
"1172",15,21,"Soil",4,6,1630,0,0,0,0,0
"1173",16,21,"Soil",4,6,2060,1,15,0,0,0
"1174",17,21,"Soil",4,6,2250,0,0,0,5,0
"1175",18,21,"Soil",4,6,1650,5,15,10,0,0
"1176",19,21,"Soil",4,6,1030,5,1,0,0,0
"1177",20,21,"Soil",4,6,2460,10,20,0,0,0
"1178",21,21,"Soil",4,6,1700,0,0,0,0,0
"1179",22,21,"Soil",4,6,1230,0,0,0,0,0
"1180",23,21,"Soil",4,6,1750,0,0,5,1,0
"1181",24,21,"Soil",4,6,1620,5,10,0,0,0
"1182",25,21,"Soil",4,6,1610,0,0,0,1,0
"1183",26,21,"Soil",4,6,1620,5,5,0,0,0
"1184",27,21,"Soil",4,6,1720,0,0,0,5,0
"1185",28,21,"Soil",4,6,1330,0,0,0,0,0
"1186",29,21,"Soil",4,6,1830,0,0,10,0,0
"1187",30,21,"Soil",4,6,900,5,5,0,0,0
"1188",31,21,"Soil",4,6,740,5,1,0,0,0
"1189",32,21,"Soil",4,6,1450,0,0,0,0,0
"1190",33,21,"Soil",4,6,1800,5,0,0,5,0
"1191",34,21,"Soil",4,6,1380,10,40,0,0,0
"1192",35,21,"Soil",4,6,2170,0,0,0,0,0
"1193",36,21,"Soil",4,6,1460,0,0,5,0,0
"1194",37,21,"Soil",4,6,1230,0,0,1,0,0
"1195",38,21,"Soil",4,6,1120,0,0,0,0,0
"1196",39,21,"Soil",4,6,1460,0,0,0,1,0
"1197",40,21,"Soil",4,6,680,5,0,0,0,0
"1198",41,21,"Soil",4,6,1030,0,0,10,0,0
"1199",42,21,"Soil",4,6,810,1,0,0,0,0
"1200",43,21,"Soil",4,6,1100,0,0,0,0,0
"1201",44,21,"Soil",4,6,2880,0,0,0,0,0
"1202",1,22,"Rye",1,6,2090,0,0,0,1,0
"1203",2,22,"Rye",1,6,4190,0,0,5,0,0
"1204",3,22,"Rye",1,6,2490,0,20,0,0,0
"1205",4,22,"Rye",1,6,2180,0,0,0,0,0
"1206",5,22,"Rye",1,6,1670,0,0,5,0,0
"1207",6,22,"Rye",1,6,1950,0,0,0,1,0
"1208",7,22,"Rye",1,6,2520,0,0,0,0,0
"1209",8,22,"Rye",1,6,1940,0,0,0,0,0
"1210",9,22,"Rye",1,6,1450,0,0,0,1,0
"1211",10,22,"Rye",1,6,1080,0,0,0,5,0
"1212",11,22,"Rye",1,6,2140,0,15,0,0,0
"1213",12,22,"Rye",1,6,3470,0,0,0,0,0
"1214",13,22,"Rye",1,6,2000,0,0,0,0,0
"1215",14,22,"Rye",1,6,2000,0,0,0,0,0
"1216",15,22,"Rye",1,6,990,0,0,0,1,0
"1217",16,22,"Rye",1,6,2130,0,0,0,0,0
"1218",17,22,"Rye",1,6,1520,5,0,5,0,0
"1219",18,22,"Rye",1,6,2410,0,0,0,1,0
"1220",19,22,"Rye",1,6,2410,0,0,5,0,0
"1221",20,22,"Rye",1,6,2630,1,0,0,0,0
"1222",21,22,"Rye",1,6,1780,1,0,5,0,0
"1223",22,22,"Rye",1,6,1440,0,0,1,0,0
"1224",23,22,"Rye",1,6,2140,0,0,5,0,0
"1225",24,22,"Rye",1,6,1970,1,0,0,0,0
"1226",25,22,"Rye",1,6,1310,0,0,0,0,0
"1227",26,22,"Rye",1,6,1140,0,0,0,0,0
"1228",27,22,"Rye",1,6,1200,1,0,0,0,0
"1229",28,22,"Rye",1,6,1450,0,0,5,0,0
"1230",29,22,"Rye",1,6,1450,0,0,10,0,0
"1231",30,22,"Rye",1,6,780,0,0,0,0,0
"1232",31,22,"Rye",1,6,1330,0,0,0,1,0
"1233",32,22,"Rye",1,6,1310,1,0,5,0,0
"1234",33,22,"Rye",1,6,1310,5,5,5,0,0
"1235",34,22,"Rye",1,6,1090,0,0,0,0,0
"1236",35,22,"Rye",1,6,2530,0,0,0,0,0
"1237",36,22,"Rye",1,6,1400,0,5,0,0,0
"1238",37,22,"Rye",1,6,1990,1,0,0,0,0
"1239",38,22,"Rye",1,6,1560,1,10,0,0,0
"1240",39,22,"Rye",1,6,1090,0,5,0,0,0
"1241",40,22,"Rye",1,6,2900,1,0,0,0,0
"1242",41,22,"Rye",1,6,1430,5,0,0,0,0
"1243",42,22,"Rye",1,6,1390,1,0,0,0,0
"1244",43,22,"Rye",1,6,2370,1,0,0,0,0
"1245",44,22,"Rye",1,6,2720,1,0,0,0,0
"1246",45,22,"Rye",1,6,1630,0,0,5,0,0
"1247",46,22,"Rye",1,6,1670,5,0,1,0,0
"1248",47,22,"Rye",1,6,1440,0,0,0,0,0
"1249",48,22,"Rye",1,6,1240,5,0,5,5,0
"1250",49,22,"Rye",1,6,1330,0,0,1,0,0
"1251",50,22,"Rye",1,6,1460,0,0,5,0,0
"1252",51,22,"Rye",1,6,1870,5,0,5,0,0
"1253",52,22,"Rye",1,6,9980,0,0,0,0,0
"1254",53,22,"Rye",1,6,2010,0,0,0,0,0
"1255",54,22,"Rye",1,6,1890,0,0,5,0,0
"1256",55,22,"Rye",1,6,1370,0,0,0,0,0
"1257",56,22,"Rye",1,6,520,0,15,0,0,0
"1258",57,22,"Rye",1,6,1720,0,0,5,0,0
"1259",58,22,"Rye",1,6,860,1,0,0,0,0
"1260",59,22,"Rye",1,6,660,0,0,5,0,0
"1261",1,23,"Plastic",3,6,1380,5,0,0,5,0
"1262",2,23,"Plastic",3,6,1490,0,0,0,0,0
"1263",3,23,"Plastic",3,6,1610,1,0,0,5,1
"1264",4,23,"Plastic",3,6,570,0,0,0,0,0
"1265",5,23,"Plastic",3,6,1820,0,0,1,0,0
"1266",6,23,"Plastic",3,6,1150,0,0,0,0,0
"1267",7,23,"Plastic",3,6,1110,0,0,0,0,0
"1268",8,23,"Plastic",3,6,1840,5,0,0,5,0
"1269",9,23,"Plastic",3,6,1090,0,0,0,0,0
"1270",10,23,"Plastic",3,6,1490,0,0,0,0,0
"1271",11,23,"Plastic",3,6,1400,0,5,0,1,0
"1272",12,23,"Plastic",3,6,1100,1,0,5,0,0
"1273",13,23,"Plastic",3,6,1370,5,0,0,0,0
"1274",14,23,"Plastic",3,6,950,0,0,5,0,0
"1275",15,23,"Plastic",3,6,1590,0,0,0,0,0
"1276",16,23,"Plastic",3,6,1750,1,0,0,0,0
"1277",17,23,"Plastic",3,6,2500,0,0,1,0,0
"1278",18,23,"Plastic",3,6,1660,5,0,0,0,0
"1279",19,23,"Plastic",3,6,1950,5,0,0,5,0
"1280",20,23,"Plastic",3,6,1130,10,0,0,0,0
"1281",21,23,"Plastic",3,6,1410,0,0,5,5,0
"1282",22,23,"Plastic",3,6,930,1,0,0,0,0
"1283",23,23,"Plastic",3,6,1480,1,0,0,0,0
"1284",24,23,"Plastic",3,6,1670,5,0,1,0,0
"1285",25,23,"Plastic",3,6,1810,1,0,0,0,0
"1286",26,23,"Plastic",3,6,1950,1,0,1,0,0
"1287",27,23,"Plastic",3,6,1440,5,0,0,0,0
"1288",28,23,"Plastic",3,6,1230,0,0,0,5,0
"1289",29,23,"Plastic",3,6,1660,0,0,0,1,0
"1290",30,23,"Plastic",3,6,1930,0,0,0,5,0
"1291",31,23,"Plastic",3,6,2380,0,0,0,0,0
"1292",32,23,"Plastic",3,6,1510,0,0,0,0,0
"1293",33,23,"Plastic",3,6,1730,0,10,1,0,5
"1294",34,23,"Plastic",3,6,1690,0,0,1,0,0
"1295",35,23,"Plastic",3,6,1670,0,0,5,0,0
"1296",36,23,"Plastic",3,6,1260,0,0,0,0,0
"1297",37,23,"Plastic",3,6,1280,5,5,0,0,0
"1298",38,23,"Plastic",3,6,1490,0,10,5,0,0
"1299",39,23,"Plastic",3,6,1520,0,0,5,5,0
"1300",40,23,"Plastic",3,6,1020,5,0,5,0,0
"1301",41,23,"Plastic",3,6,1590,10,0,0,0,0
"1302",42,23,"Plastic",3,6,680,0,10,0,0,0
"1303",43,23,"Plastic",3,6,1160,0,0,0,0,0
"1304",44,23,"Plastic",3,6,1050,0,0,1,0,0
"1305",45,23,"Plastic",3,6,1100,0,0,0,1,0
"1306",46,23,"Plastic",3,6,1840,0,0,5,0,0
"1307",47,23,"Plastic",3,6,2110,0,0,1,0,0
"1308",48,23,"Plastic",3,6,1160,0,0,0,0,0
"1309",49,23,"Plastic",3,6,1350,0,0,0,0,0
"1310",50,23,"Plastic",3,6,810,5,0,0,0,0
"1311",51,23,"Plastic",3,6,990,0,25,0,0,0
"1312",52,23,"Plastic",3,6,2270,1,0,0,0,0
"1313",53,23,"Plastic",3,6,1160,0,0,5,1,0
"1314",54,23,"Plastic",3,6,890,0,10,0,1,0
"1315",55,23,"Plastic",3,6,1390,0,0,0,1,0
"1316",56,23,"Plastic",3,6,370,5,1,0,0,0
"1317",57,23,"Plastic",3,6,770,1,0,0,0,0
"1318",58,23,"Plastic",3,6,1240,1,0,1,0,0
"1319",59,23,"Plastic",3,6,1550,0,5,0,0,0
"1320",60,23,"Plastic",3,6,1370,0,0,5,0,0
"1321",61,23,"Plastic",3,6,1430,1,0,0,0,0
"1322",62,23,"Plastic",3,6,1280,0,0,0,5,0
"1323",63,23,"Plastic",3,6,2080,0,0,5,0,0
"1324",64,23,"Plastic",3,6,1210,0,0,1,0,0
"1325",65,23,"Plastic",3,6,1810,1,0,5,1,0
"1326",66,23,"Plastic",3,6,1680,1,0,0,0,0
"1327",67,23,"Plastic",3,6,1110,1,0,0,0,0
"1328",68,23,"Plastic",3,6,1030,0,0,0,0,0
"1329",69,23,"Plastic",3,6,730,0,0,0,0,0
"1330",70,23,"Plastic",3,6,1040,0,0,0,0,0
"1331",71,23,"Plastic",3,6,1570,5,0,1,1,0
"1332",72,23,"Plastic",3,6,1160,0,10,0,0,0
"1333",73,23,"Plastic",3,6,800,0,5,0,0,0
"1334",74,23,"Plastic",3,6,1520,0,0,5,5,0
"1335",75,23,"Plastic",3,6,1160,1,0,1,0,0
"1336",76,23,"Plastic",3,6,1380,0,0,0,0,0
"1337",77,23,"Plastic",3,6,1820,0,0,0,5,0
"1338",78,23,"Plastic",3,6,1040,1,0,1,0,0
"1339",79,23,"Plastic",3,6,570,1,0,0,0,0
"1340",80,23,"Plastic",3,6,900,0,0,5,0,0
"1341",81,23,"Plastic",3,6,610,1,0,0,0,0
"1342",1,24,"Rye+Gly",2,6,2410,1,0,0,0,0
"1343",2,24,"Rye+Gly",2,6,2700,0,0,0,1,0
"1344",3,24,"Rye+Gly",2,6,630,1,0,0,0,0
"1345",4,24,"Rye+Gly",2,6,1280,0,0,5,0,0
"1346",5,24,"Rye+Gly",2,6,2320,1,0,0,0,0
"1347",6,24,"Rye+Gly",2,6,990,5,0,0,0,0
"1348",7,24,"Rye+Gly",2,6,1350,0,0,0,0,0
"1349",8,24,"Rye+Gly",2,6,1430,0,0,0,5,0
"1350",9,24,"Rye+Gly",2,6,2940,5,0,0,0,0
"1351",10,24,"Rye+Gly",2,6,1080,0,0,0,1,0
"1352",11,24,"Rye+Gly",2,6,2650,0,5,0,0,0
"1353",12,24,"Rye+Gly",2,6,1170,0,0,0,0,0
"1354",13,24,"Rye+Gly",2,6,2150,0,0,5,0,0
"1355",14,24,"Rye+Gly",2,6,1370,0,0,0,0,0
"1356",15,24,"Rye+Gly",2,6,2430,1,0,0,0,0
"1357",16,24,"Rye+Gly",2,6,2180,0,0,5,0,0
"1358",17,24,"Rye+Gly",2,6,1410,0,0,5,0,0
"1359",18,24,"Rye+Gly",2,6,1090,0,0,0,0,0
"1360",19,24,"Rye+Gly",2,6,2130,0,0,0,1,0
"1361",20,24,"Rye+Gly",2,6,2550,0,0,0,0,0
"1362",21,24,"Rye+Gly",2,6,1790,5,0,1,0,0
"1363",22,24,"Rye+Gly",2,6,1990,0,0,0,0,0
"1364",23,24,"Rye+Gly",2,6,1920,0,5,5,0,0
"1365",24,24,"Rye+Gly",2,6,2120,0,0,0,0,0
"1366",25,24,"Rye+Gly",2,6,1600,5,0,0,0,0
"1367",26,24,"Rye+Gly",2,6,1890,0,0,0,1,0
"1368",27,24,"Rye+Gly",2,6,890,0,0,0,0,0
"1369",28,24,"Rye+Gly",2,6,1960,5,0,10,0,0
"1370",29,24,"Rye+Gly",2,6,1090,0,5,5,0,0
"1371",30,24,"Rye+Gly",2,6,1320,0,0,10,0,0
"1372",31,24,"Rye+Gly",2,6,1410,0,0,1,0,0
"1373",32,24,"Rye+Gly",2,6,650,0,5,0,0,0
"1374",33,24,"Rye+Gly",2,6,1690,1,0,0,0,0
"1375",34,24,"Rye+Gly",2,6,1950,1,0,5,0,0
"1376",35,24,"Rye+Gly",2,6,1350,0,0,0,0,0
"1377",36,24,"Rye+Gly",2,6,1470,0,0,5,0,0
"1378",37,24,"Rye+Gly",2,6,2770,1,0,0,0,0
"1379",38,24,"Rye+Gly",2,6,1630,0,0,0,0,0
"1380",39,24,"Rye+Gly",2,6,990,0,0,1,1,0
"1381",40,24,"Rye+Gly",2,6,1770,0,0,0,0,0
"1382",41,24,"Rye+Gly",2,6,1600,1,0,0,0,0
"1383",42,24,"Rye+Gly",2,6,560,0,0,5,0,0
"1384",43,24,"Rye+Gly",2,6,1030,0,0,1,5,0
"1385",44,24,"Rye+Gly",2,6,2220,0,0,0,0,0
"1386",45,24,"Rye+Gly",2,6,2270,0,15,0,0,0
"1387",46,24,"Rye+Gly",2,6,660,0,0,0,0,0
"1388",47,24,"Rye+Gly",2,6,1200,0,0,0,0,0
"1389",48,24,"Rye+Gly",2,6,1570,0,0,0,0,0
