"ech","type","date","parcelle","trt","block","sub_ech","poids","vol_saline","Filtre","temoin","run","Plaque_PCR","rep_seq","rep_run","pseudo_count","bact_count","pseudo_rawcount","bact_rawcount","dil_rif","count_rif","dil_tsa","X"
"P1","P1","Seigle","Date 0","3","Seigle",1,1,24.41,"100",NA,NA,1,"1",NA,NA,NA,NA,NA,NA,NA,NA,NA,NA
"P2","P2","Seigle","Date 0","3","Seigle",1,2,11.39,"100",NA,NA,1,"1",NA,NA,NA,NA,NA,NA,NA,NA,NA,NA
"P3","P3","Seigle","Date 0","3","Seigle",1,3,18.27,"100",NA,NA,1,"1",NA,NA,NA,NA,NA,NA,NA,NA,NA,NA
"P4","P4","Seigle","Date 0","4","Seigle_Bru",1,1,19.01,"100",NA,NA,2,"5",NA,NA,NA,NA,NA,NA,NA,NA,NA,NA
"P5","P5","Seigle","Date 0","4","Seigle_Bru",1,2,18.97,"100",NA,NA,2,"5",NA,NA,NA,NA,NA,NA,NA,NA,NA,NA
"P6","P6","Seigle","Date 0","4","Seigle_Bru",1,3,13.2,"100",NA,NA,2,"5",NA,NA,NA,NA,NA,NA,NA,NA,NA,NA
"P7.1","P7.1","Seigle","Date 0","6","Seigle_Bru",2,1,16.46,"100",NA,NA,1,"1","x","x",NA,NA,NA,NA,NA,NA,NA,NA
"P7.2","P7.2","Seigle","Date 0","6","Seigle_Bru",2,1,16.46,"100",NA,NA,1,"4","x","x",NA,NA,NA,NA,NA,NA,NA,NA
"P7.3","P7.3","Seigle","Date 0","6","Seigle_Bru",2,1,16.46,"100",NA,NA,2,"8","x","x",NA,NA,NA,NA,NA,NA,NA,NA
"P8.I","P8.I","Seigle","Date 0","6","Seigle_Bru",2,2,21.23,"100",NA,NA,1,"1","Na","x",NA,NA,NA,NA,NA,NA,NA,NA
"P8.II","P8.II","Seigle","Date 0","6","Seigle_Bru",2,2,21.23,"100",NA,NA,2,"8",NA,"x",NA,NA,NA,NA,NA,NA,NA,NA
"P9","P9","Seigle","Date 0","6","Seigle_Bru",2,3,19.6,"100",NA,NA,1,"1",NA,NA,NA,NA,NA,NA,NA,NA,NA,NA
"P10","P10","Seigle","Date 0","8","Seigle",2,1,18.16,"100",NA,NA,2,"5",NA,NA,NA,NA,NA,NA,NA,NA,NA,NA
"P11","P11","Seigle","Date 0","8","Seigle",2,2,26.25,"100",NA,NA,2,"5",NA,NA,NA,NA,NA,NA,NA,NA,NA,NA
"P12","P12","Seigle","Date 0","8","Seigle",2,3,30.32,"100",NA,NA,2,"5",NA,NA,NA,NA,NA,NA,NA,NA,NA,NA
"P13","P13","Seigle","Date 0","10","Seigle",3,1,18.45,"100",NA,NA,1,"1",NA,NA,NA,NA,NA,NA,NA,NA,NA,NA
"P14","P14","Seigle","Date 0","10","Seigle",3,2,13,"100",NA,NA,1,"1",NA,NA,NA,NA,NA,NA,NA,NA,NA,NA
"P15","P15","Seigle","Date 0","10","Seigle",3,3,14.37,"100",NA,NA,1,"1",NA,NA,NA,NA,NA,NA,NA,NA,NA,NA
"P16","P16","Seigle","Date 0","11","Seigle_Bru",3,1,16.32,"100",NA,NA,2,"5",NA,NA,NA,NA,NA,NA,NA,NA,NA,NA
"P17","P17","Seigle","Date 0","11","Seigle_Bru",3,2,17.54,"100",NA,NA,2,"5",NA,NA,NA,NA,NA,NA,NA,NA,NA,NA
"P18","P18","Seigle","Date 0","11","Seigle_Bru",3,3,19.97,"100",NA,NA,2,"5",NA,NA,NA,NA,NA,NA,NA,NA,NA,NA
"P19","P19","Seigle","Date 0","15","Seigle",4,1,18.63,"100",NA,NA,1,"1",NA,NA,NA,NA,NA,NA,NA,NA,NA,NA
"P20","P20","Seigle","Date 0","15","Seigle",4,2,18.43,"100",NA,NA,1,"1",NA,NA,NA,NA,NA,NA,NA,NA,NA,NA
"P21.1","P21.1","Seigle","Date 0","15","Seigle",4,3,20.34,"100",NA,NA,1,"1","x",NA,NA,NA,NA,NA,NA,NA,NA,NA
"P21.2","P21.2","Seigle","Date 0","15","Seigle",4,3,20.34,"100",NA,NA,1,"4","x",NA,NA,NA,NA,NA,NA,NA,NA,NA
"P22","P22","Seigle","Date 0","16","Seigle_Bru",4,1,16.38,"100",NA,NA,2,"5",NA,NA,NA,NA,NA,NA,NA,NA,NA,NA
"P23","P23","Seigle","Date 0","16","Seigle_Bru",4,2,16.43,"100",NA,NA,2,"5",NA,NA,NA,NA,NA,NA,NA,NA,NA,NA
"P24","P24","Seigle","Date 0","16","Seigle_Bru",4,3,19.51,"100",NA,NA,2,"5",NA,NA,NA,NA,NA,NA,NA,NA,NA,NA
"P25","P25","Seigle","Date 0","18","Seigle",5,1,17.1,"100",NA,NA,1,"1",NA,NA,NA,NA,NA,NA,NA,NA,NA,NA
"P26","P26","Seigle","Date 0","18","Seigle",5,2,9.2,"100",NA,NA,1,"1",NA,NA,NA,NA,NA,NA,NA,NA,NA,NA
"P27","P27","Seigle","Date 0","18","Seigle",5,3,10.3,"100",NA,NA,1,"1",NA,NA,NA,NA,NA,NA,NA,NA,NA,NA
"P28","P28","Seigle","Date 0","19","Seigle_Bru",5,1,9.7,"100",NA,NA,2,"5",NA,NA,NA,NA,NA,NA,NA,NA,NA,NA
"P29","P29","Seigle","Date 0","19","Seigle_Bru",5,2,17.32,"100",NA,NA,2,"5",NA,NA,NA,NA,NA,NA,NA,NA,NA,NA
"P30","P30","Seigle","Date 0","19","Seigle_Bru",5,3,13.55,"100",NA,NA,2,"5",NA,NA,NA,NA,NA,NA,NA,NA,NA,NA
"P31","P31","Seigle","Date 0","22","Seigle_Bru",6,1,17.35,"100",NA,NA,1,"1",NA,NA,NA,NA,NA,NA,NA,NA,NA,NA
"P32","P32","Seigle","Date 0","22","Seigle_Bru",6,2,18.36,"100",NA,NA,1,"1",NA,NA,NA,NA,NA,NA,NA,NA,NA,NA
"P33","P33","Seigle","Date 0","22","Seigle_Bru",6,3,18.61,"100",NA,NA,1,"1",NA,NA,NA,NA,NA,NA,NA,NA,NA,NA
"P34","P34","Seigle","Date 0","24","Seigle",6,1,17.46,"100",NA,NA,2,"5",NA,NA,NA,NA,NA,NA,NA,NA,NA,NA
"P35","P35","Seigle","Date 0","24","Seigle",6,2,17.2,"100",NA,NA,2,"5",NA,NA,NA,NA,NA,NA,NA,NA,NA,NA
"P36","P36","Seigle","Date 0","24","Seigle",6,3,11.26,"100",NA,NA,2,"5",NA,NA,NA,NA,NA,NA,NA,NA,NA,NA
"P37","P37","Seigle","Date 1","3","Seigle",1,1,12.39,"110",NA,NA,1,"1",NA,NA,NA,NA,NA,NA,NA,NA,NA,NA
"P38","P38","Seigle","Date 1","3","Seigle",1,2,17.85,"110",NA,NA,1,"1",NA,NA,NA,NA,NA,NA,NA,NA,NA,NA
"P39","P39","Seigle","Date 1","3","Seigle",1,3,18.41,"110",NA,NA,1,"1",NA,NA,NA,NA,NA,NA,NA,NA,NA,NA
"P40","P40","Seigle","Date 1","4","Seigle_Bru",1,1,11.09,"110",NA,NA,2,"5",NA,NA,NA,NA,NA,NA,NA,NA,NA,NA
"P41","P41","Seigle","Date 1","4","Seigle_Bru",1,2,7.8,"110",NA,NA,2,"5",NA,NA,NA,NA,NA,NA,NA,NA,NA,NA
"P42","P42","Seigle","Date 1","4","Seigle_Bru",1,3,6.94,"110",NA,NA,2,"5",NA,NA,NA,NA,NA,NA,NA,NA,NA,NA
"P43","P43","Seigle","Date 1","6","Seigle_Bru",2,1,11.38,"110",NA,NA,1,"1",NA,NA,NA,NA,NA,NA,NA,NA,NA,NA
"P44","P44","Seigle","Date 1","6","Seigle_Bru",2,2,9.24,"110",NA,NA,1,"2",NA,NA,NA,NA,NA,NA,NA,NA,NA,NA
"P45","P45","Seigle","Date 1","6","Seigle_Bru",2,3,9.39,"110",NA,NA,1,"2",NA,NA,NA,NA,NA,NA,NA,NA,NA,NA
"P46","P46","Seigle","Date 1","8","Seigle",2,1,15.42,"110",NA,NA,2,"5",NA,NA,NA,NA,NA,NA,NA,NA,NA,NA
"P47","P47","Seigle","Date 1","8","Seigle",2,2,9.5,"110",NA,NA,2,"6",NA,NA,NA,NA,NA,NA,NA,NA,NA,NA
"P48","P48","Seigle","Date 1","8","Seigle",2,3,13.48,"110",NA,NA,2,"6",NA,NA,NA,NA,NA,NA,NA,NA,NA,NA
"P49","P49","Seigle","Date 1","10","Seigle",3,1,13.61,"110",NA,NA,1,"2",NA,NA,NA,NA,NA,NA,NA,NA,NA,NA
"P50","P50","Seigle","Date 1","10","Seigle",3,2,10.45,"110",NA,NA,1,"2",NA,NA,NA,NA,NA,NA,NA,NA,NA,NA
"P51","P51","Seigle","Date 1","10","Seigle",3,3,17.69,"110",NA,NA,1,"2",NA,NA,NA,NA,NA,NA,NA,NA,NA,NA
"P52","P52","Seigle","Date 1","11","Seigle_Bru",3,1,8.48,"110",NA,NA,2,"6",NA,NA,NA,NA,NA,NA,NA,NA,NA,NA
"P53","P53","Seigle","Date 1","11","Seigle_Bru",3,2,13,"110",NA,NA,2,"6",NA,NA,NA,NA,NA,NA,NA,NA,NA,NA
"P54","P54","Seigle","Date 1","11","Seigle_Bru",3,3,9.24,"110",NA,NA,2,"6",NA,NA,NA,NA,NA,NA,NA,NA,NA,NA
"P55","P55","Seigle","Date 1","15","Seigle",4,1,16.85,"110",NA,NA,1,"2",NA,NA,NA,NA,NA,NA,NA,NA,NA,NA
"P56","P56","Seigle","Date 1","15","Seigle",4,2,15.78,"110",NA,NA,1,"2",NA,NA,NA,NA,NA,NA,NA,NA,NA,NA
"P57","P57","Seigle","Date 1","15","Seigle",4,3,11.78,"110",NA,NA,1,"2",NA,NA,NA,NA,NA,NA,NA,NA,NA,NA
"P58","P58","Seigle","Date 1","16","Seigle_Bru",4,1,10.31,"110",NA,NA,2,"6",NA,NA,NA,NA,NA,NA,NA,NA,NA,NA
"P59","P59","Seigle","Date 1","16","Seigle_Bru",4,2,10.56,"110",NA,NA,2,"6",NA,NA,NA,NA,NA,NA,NA,NA,NA,NA
"P60","P60","Seigle","Date 1","16","Seigle_Bru",4,3,6.87,"110",NA,NA,2,"6",NA,NA,NA,NA,NA,NA,NA,NA,NA,NA
"P61","P61","Seigle","Date 1","18","Seigle",5,1,20.49,"110",NA,NA,1,"2",NA,NA,NA,NA,NA,NA,NA,NA,NA,NA
"P62","P62","Seigle","Date 1","18","Seigle",5,2,17.06,"110",NA,NA,1,"2",NA,NA,NA,NA,NA,NA,NA,NA,NA,NA
"P63","P63","Seigle","Date 1","18","Seigle",5,3,19.35,"110",NA,NA,1,"2",NA,NA,NA,NA,NA,NA,NA,NA,NA,NA
"P64","P64","Seigle","Date 1","19","Seigle_Bru",5,1,14.72,"110",NA,NA,2,"6",NA,NA,NA,NA,NA,NA,NA,NA,NA,NA
"P65","P65","Seigle","Date 1","19","Seigle_Bru",5,2,12.72,"110",NA,NA,2,"6",NA,NA,NA,NA,NA,NA,NA,NA,NA,NA
"P66","P66","Seigle","Date 1","19","Seigle_Bru",5,3,10.36,"110",NA,NA,2,"6",NA,NA,NA,NA,NA,NA,NA,NA,NA,NA
"P67","P67","Seigle","Date 1","22","Seigle_Bru",6,1,10.59,"110",NA,NA,1,"2",NA,NA,NA,NA,NA,NA,NA,NA,NA,NA
"P68","P68","Seigle","Date 1","22","Seigle_Bru",6,2,9.42,"110",NA,NA,1,"2",NA,NA,NA,NA,NA,NA,NA,NA,NA,NA
"P69","P69","Seigle","Date 1","22","Seigle_Bru",6,3,9.06,"110",NA,NA,1,"2",NA,NA,NA,NA,NA,NA,NA,NA,NA,NA
"P70","P70","Seigle","Date 1","24","Seigle",6,1,15.63,"110",NA,NA,2,"6",NA,NA,NA,NA,NA,NA,NA,NA,NA,NA
"P71","P71","Seigle","Date 1","24","Seigle",6,2,13.23,"110",NA,NA,2,"6",NA,NA,NA,NA,NA,NA,NA,NA,NA,NA
"P72","P72","Seigle","Date 1","24","Seigle",6,3,12.22,"110",NA,NA,2,"6",NA,NA,NA,NA,NA,NA,NA,NA,NA,NA
"P73","P73","Seigle","Date 2","3","Seigle",1,1,7.44,"110",NA,NA,1,"2",NA,NA,NA,NA,NA,NA,NA,NA,NA,NA
"P74","P74","Seigle","Date 2","3","Seigle",1,2,4,"110",NA,NA,1,"2",NA,NA,NA,NA,NA,NA,NA,NA,NA,NA
"P75","P75","Seigle","Date 2","3","Seigle",1,3,4.74,"110",NA,NA,1,"2",NA,NA,NA,NA,NA,NA,NA,NA,NA,NA
"P76","P76","Seigle","Date 2","4","Seigle_Bru",1,1,5.28,"110",NA,NA,2,"6",NA,NA,NA,NA,NA,NA,NA,NA,NA,NA
"P77","P77","Seigle","Date 2","4","Seigle_Bru",1,2,5.06,"110",NA,NA,2,"6",NA,NA,NA,NA,NA,NA,NA,NA,NA,NA
"P78","P78","Seigle","Date 2","4","Seigle_Bru",1,3,5.48,"110",NA,NA,2,"6",NA,NA,NA,NA,NA,NA,NA,NA,NA,NA
"P79","P79","Seigle","Date 2","6","Seigle_Bru",2,1,4.64,"110",NA,NA,1,"2",NA,NA,NA,NA,NA,NA,NA,NA,NA,NA
"P80","P80","Seigle","Date 2","6","Seigle_Bru",2,2,5.23,"110",NA,NA,1,"2",NA,NA,NA,NA,NA,NA,NA,NA,NA,NA
"P81","P81","Seigle","Date 2","6","Seigle_Bru",2,3,4.03,"110",NA,NA,1,"2",NA,NA,NA,NA,NA,NA,NA,NA,NA,NA
"P82","P82","Seigle","Date 2","8","Seigle",2,1,9.74,"110",NA,NA,2,"6",NA,NA,NA,NA,NA,NA,NA,NA,NA,NA
"P83","P83","Seigle","Date 2","8","Seigle",2,2,5.64,"110",NA,NA,2,"6",NA,NA,NA,NA,NA,NA,NA,NA,NA,NA
"P84","P84","Seigle","Date 2","8","Seigle",2,3,5.07,"110",NA,NA,2,"6",NA,NA,NA,NA,NA,NA,NA,NA,NA,NA
"P85","P85","Seigle","Date 2","10","Seigle",3,1,5.93,"110",NA,NA,1,"2",NA,NA,NA,NA,NA,NA,NA,NA,NA,NA
"P86.1","P86.1","Seigle","Date 2","10","Seigle",3,2,5.82,"110",NA,NA,1,"2","x",NA,NA,NA,NA,NA,NA,NA,NA,NA
"P86.2","P86.2","Seigle","Date 2","10","Seigle",3,2,5.82,"110",NA,NA,1,"2","x",NA,NA,NA,NA,NA,NA,NA,NA,NA
"P87","P87","Seigle","Date 2","10","Seigle",3,3,5.44,"110",NA,NA,1,"3",NA,NA,NA,NA,NA,NA,NA,NA,NA,NA
"P88","P88","Seigle","Date 2","11","Seigle_Bru",3,1,6.41,"110",NA,NA,2,"6",NA,NA,NA,NA,NA,NA,NA,NA,NA,NA
"P89","P89","Seigle","Date 2","11","Seigle_Bru",3,2,5.7,"110",NA,NA,2,"6",NA,NA,NA,NA,NA,NA,NA,NA,NA,NA
"P90","P90","Seigle","Date 2","11","Seigle_Bru",3,3,5.59,"110",NA,NA,2,"7",NA,NA,NA,NA,NA,NA,NA,NA,NA,NA
"P91","P91","Seigle","Date 2","15","Seigle",4,1,4.5,"110",NA,NA,1,"3",NA,NA,NA,NA,NA,NA,NA,NA,NA,NA
"P92","P92","Seigle","Date 2","15","Seigle",4,2,6.6,"110",NA,NA,1,"3",NA,NA,NA,NA,NA,NA,NA,NA,NA,NA
"P93","P93","Seigle","Date 2","15","Seigle",4,3,7.24,"110",NA,NA,1,"3",NA,NA,NA,NA,NA,NA,NA,NA,NA,NA
"P94","P94","Seigle","Date 2","16","Seigle_Bru",4,1,6.71,"110",NA,NA,2,"7",NA,NA,NA,NA,NA,NA,NA,NA,NA,NA
"P95","P95","Seigle","Date 2","16","Seigle_Bru",4,2,6.65,"110",NA,NA,2,"7",NA,NA,NA,NA,NA,NA,NA,NA,NA,NA
"P96","P96","Seigle","Date 2","16","Seigle_Bru",4,3,6.43,"110",NA,NA,2,"7",NA,NA,NA,NA,NA,NA,NA,NA,NA,NA
"P97","P97","Seigle","Date 2","18","Seigle",5,1,5.97,"110",NA,NA,1,"3",NA,NA,NA,NA,NA,NA,NA,NA,NA,NA
"P98","P98","Seigle","Date 2","18","Seigle",5,2,6.08,"110",NA,NA,1,"3",NA,NA,NA,NA,NA,NA,NA,NA,NA,NA
"P99","P99","Seigle","Date 2","18","Seigle",5,3,7.64,"110",NA,NA,1,"3",NA,NA,NA,NA,NA,NA,NA,NA,NA,NA
"P100","P100","Seigle","Date 2","19","Seigle_Bru",5,1,5.95,"110",NA,NA,2,"7",NA,NA,NA,NA,NA,NA,NA,NA,NA,NA
"P101","P101","Seigle","Date 2","19","Seigle_Bru",5,2,6.16,"110",NA,NA,2,"7",NA,NA,NA,NA,NA,NA,NA,NA,NA,NA
"P102","P102","Seigle","Date 2","19","Seigle_Bru",5,3,5.7,"110",NA,NA,2,"7",NA,NA,NA,NA,NA,NA,NA,NA,NA,NA
"P103","P103","Seigle","Date 2","22","Seigle_Bru",6,1,5.8,"110",NA,NA,1,"3",NA,NA,NA,NA,NA,NA,NA,NA,NA,NA
"P104","P104","Seigle","Date 2","22","Seigle_Bru",6,2,4.58,"110",NA,NA,1,"3",NA,NA,NA,NA,NA,NA,NA,NA,NA,NA
"P105","P105","Seigle","Date 2","22","Seigle_Bru",6,3,5.31,"110",NA,NA,1,"3",NA,NA,NA,NA,NA,NA,NA,NA,NA,NA
"P106","P106","Seigle","Date 2","24","Seigle",6,1,6.32,"110",NA,NA,2,"7",NA,NA,NA,NA,NA,NA,NA,NA,NA,NA
"P107","P107","Seigle","Date 2","24","Seigle",6,2,6.15,"110",NA,NA,2,"7",NA,NA,NA,NA,NA,NA,NA,NA,NA,NA
"P108","P108","Seigle","Date 2","24","Seigle",6,3,7.01,"110",NA,NA,2,"7",NA,NA,NA,NA,NA,NA,NA,NA,NA,NA
"P109","P109","Seigle","Date 3","3","Seigle",1,1,12.99,"120",NA,NA,1,"3",NA,NA,NA,NA,NA,NA,NA,NA,NA,NA
"P110","P110","Seigle","Date 3","3","Seigle",1,2,18.5,"120",NA,NA,1,"3",NA,NA,NA,NA,NA,NA,NA,NA,NA,NA
"P111","P111","Seigle","Date 3","3","Seigle",1,3,16.19,"120",NA,NA,1,"3",NA,NA,NA,NA,NA,NA,NA,NA,NA,NA
"P112","P112","Seigle","Date 3","4","Seigle_Bru",1,1,18.17,"120",NA,NA,2,"7",NA,NA,NA,NA,NA,NA,NA,NA,NA,NA
"P113","P113","Seigle","Date 3","4","Seigle_Bru",1,2,15.94,"120",NA,NA,2,"7",NA,NA,NA,NA,NA,NA,NA,NA,NA,NA
"P114","P114","Seigle","Date 3","4","Seigle_Bru",1,3,13.46,"120",NA,NA,2,"7",NA,NA,NA,NA,NA,NA,NA,NA,NA,NA
"P115","P115","Seigle","Date 3","6","Seigle_Bru",2,1,11.84,"120",NA,NA,1,"3",NA,NA,NA,NA,NA,NA,NA,NA,NA,NA
"P116","P116","Seigle","Date 3","6","Seigle_Bru",2,2,18.2,"120",NA,NA,1,"3",NA,NA,NA,NA,NA,NA,NA,NA,NA,NA
"P117","P117","Seigle","Date 3","6","Seigle_Bru",2,3,12.57,"120",NA,NA,1,"3",NA,NA,NA,NA,NA,NA,NA,NA,NA,NA
"P118","P118","Seigle","Date 3","8","Seigle",2,1,11.65,"120",NA,NA,2,"7",NA,NA,NA,NA,NA,NA,NA,NA,NA,NA
"P119","P119","Seigle","Date 3","8","Seigle",2,2,15.09,"120",NA,NA,2,"7",NA,NA,NA,NA,NA,NA,NA,NA,NA,NA
"P120","P120","Seigle","Date 3","8","Seigle",2,3,20.56,"120",NA,NA,2,"7",NA,NA,NA,NA,NA,NA,NA,NA,NA,NA
"P121","P121","Seigle","Date 3","10","Seigle",3,1,14.61,"120",NA,NA,1,"3",NA,NA,NA,NA,NA,NA,NA,NA,NA,NA
"P122","P122","Seigle","Date 3","10","Seigle",3,2,11.7,"120",NA,NA,1,"3",NA,NA,NA,NA,NA,NA,NA,NA,NA,NA
"P123","P123","Seigle","Date 3","10","Seigle",3,3,14.26,"120",NA,NA,1,"3",NA,NA,NA,NA,NA,NA,NA,NA,NA,NA
"P124","P124","Seigle","Date 3","11","Seigle_Bru",3,1,13.17,"120",NA,NA,2,"7",NA,NA,NA,NA,NA,NA,NA,NA,NA,NA
"P125","P125","Seigle","Date 3","11","Seigle_Bru",3,2,13.72,"120",NA,NA,2,"7",NA,NA,NA,NA,NA,NA,NA,NA,NA,NA
"P126","P126","Seigle","Date 3","11","Seigle_Bru",3,3,7.78,"120",NA,NA,2,"7",NA,NA,NA,NA,NA,NA,NA,NA,NA,NA
"P127","P127","Seigle","Date 3","15","Seigle",4,1,20.43,"120",NA,NA,1,"3",NA,NA,NA,NA,NA,NA,NA,NA,NA,NA
"P128","P128","Seigle","Date 3","15","Seigle",4,2,8.52,"120",NA,NA,1,"3",NA,NA,NA,NA,NA,NA,NA,NA,NA,NA
"P129","P129","Seigle","Date 3","15","Seigle",4,3,10.79,"120",NA,NA,1,"3",NA,NA,NA,NA,NA,NA,NA,NA,NA,NA
"P130","P130","Seigle","Date 3","16","Seigle_Bru",4,1,17.97,"120",NA,NA,2,"7",NA,NA,NA,NA,NA,NA,NA,NA,NA,NA
"P131","P131","Seigle","Date 3","16","Seigle_Bru",4,2,15.01,"120",NA,NA,2,"7",NA,NA,NA,NA,NA,NA,NA,NA,NA,NA
"P132","P132","Seigle","Date 3","16","Seigle_Bru",4,3,24.33,"120",NA,NA,2,"7",NA,NA,NA,NA,NA,NA,NA,NA,NA,NA
"P133","P133","Seigle","Date 3","18","Seigle",5,1,10.38,"120",NA,NA,1,"4",NA,NA,NA,NA,NA,NA,NA,NA,NA,NA
"P134","P134","Seigle","Date 3","18","Seigle",5,2,9.2,"120",NA,NA,1,"4",NA,NA,NA,NA,NA,NA,NA,NA,NA,NA
"P135","P135","Seigle","Date 3","18","Seigle",5,3,17.59,"120",NA,NA,1,"4",NA,NA,NA,NA,NA,NA,NA,NA,NA,NA
"P136","P136","Seigle","Date 3","19","Seigle_Bru",5,1,10.15,"120",NA,NA,2,"8",NA,NA,NA,NA,NA,NA,NA,NA,NA,NA
"P137","P137","Seigle","Date 3","19","Seigle_Bru",5,2,18.19,"120",NA,NA,2,"8",NA,NA,NA,NA,NA,NA,NA,NA,NA,NA
"P138","P138","Seigle","Date 3","19","Seigle_Bru",5,3,9.75,"120",NA,NA,2,"8",NA,NA,NA,NA,NA,NA,NA,NA,NA,NA
"P139","P139","Seigle","Date 3","22","Seigle_Bru",6,1,13.95,"120",NA,NA,1,"4",NA,NA,NA,NA,NA,NA,NA,NA,NA,NA
"P140","P140","Seigle","Date 3","22","Seigle_Bru",6,2,13.8,"120",NA,NA,1,"4",NA,NA,NA,NA,NA,NA,NA,NA,NA,NA
"P141","P141","Seigle","Date 3","22","Seigle_Bru",6,3,16,"120",NA,NA,1,"4",NA,NA,NA,NA,NA,NA,NA,NA,NA,NA
"P142","P142","Seigle","Date 3","24","Seigle",6,1,16.04,"120",NA,NA,2,"8",NA,NA,NA,NA,NA,NA,NA,NA,NA,NA
"P143","P143","Seigle","Date 3","24","Seigle",6,2,12,"120",NA,NA,2,"8",NA,NA,NA,NA,NA,NA,NA,NA,NA,NA
"P144","P144","Seigle","Date 3","24","Seigle",6,3,16.9,"120",NA,NA,2,"8",NA,NA,NA,NA,NA,NA,NA,NA,NA,NA
"P145","P145","Seigle","Date 3","3","Seigle_Vert",1,1,4.99,"120",NA,NA,1,"4",NA,NA,NA,NA,NA,NA,NA,NA,NA,NA
"P146","P146","Seigle","Date 3","3","Seigle_Vert",1,2,8.36,"120",NA,NA,1,"4",NA,NA,NA,NA,NA,NA,NA,NA,NA,NA
"P147","P147","Seigle","Date 3","3","Seigle_Vert",1,3,8.34,"120",NA,NA,1,"4",NA,NA,NA,NA,NA,NA,NA,NA,NA,NA
"P148","P148","Seigle","Date 3","8","Seigle_Vert",2,1,11.1,"120",NA,NA,2,"8",NA,NA,NA,NA,NA,NA,NA,NA,NA,NA
"P149","P149","Seigle","Date 3","8","Seigle_Vert",2,2,9.15,"120",NA,NA,2,"8",NA,NA,NA,NA,NA,NA,NA,NA,NA,NA
"P150","P150","Seigle","Date 3","8","Seigle_Vert",2,3,15.72,"120",NA,NA,2,"8",NA,NA,NA,NA,NA,NA,NA,NA,NA,NA
"P151","P151","Seigle","Date 3","10","Seigle_Vert",3,1,8.58,"120",NA,NA,1,"4",NA,NA,NA,NA,NA,NA,NA,NA,NA,NA
"P152","P152","Seigle","Date 3","10","Seigle_Vert",3,2,7.78,"120",NA,NA,1,"4",NA,NA,NA,NA,NA,NA,NA,NA,NA,NA
"P153","P153","Seigle","Date 3","10","Seigle_Vert",3,3,7.35,"120",NA,NA,1,"4",NA,NA,NA,NA,NA,NA,NA,NA,NA,NA
"P154","P154","Seigle","Date 3","15","Seigle_Vert",4,1,11.47,"120",NA,NA,2,"8",NA,NA,NA,NA,NA,NA,NA,NA,NA,NA
"P155","P155","Seigle","Date 3","15","Seigle_Vert",4,2,9.12,"120",NA,NA,2,"8",NA,NA,NA,NA,NA,NA,NA,NA,NA,NA
"P156","P156","Seigle","Date 3","15","Seigle_Vert",4,3,6.56,"120",NA,NA,2,"8",NA,NA,NA,NA,NA,NA,NA,NA,NA,NA
"P157","P157","Seigle","Date 3","18","Seigle_Vert",5,1,7.03,"120",NA,NA,1,"4",NA,NA,NA,NA,NA,NA,NA,NA,NA,NA
"P158","P158","Seigle","Date 3","18","Seigle_Vert",5,2,8.64,"120",NA,NA,1,"4",NA,NA,NA,NA,NA,NA,NA,NA,NA,NA
"P159","P159","Seigle","Date 3","18","Seigle_Vert",5,3,10.74,"120",NA,NA,1,"4",NA,NA,NA,NA,NA,NA,NA,NA,NA,NA
"P160","P160","Seigle","Date 3","24","Seigle_Vert",6,1,16.9,"120",NA,NA,2,"8",NA,NA,NA,NA,NA,NA,NA,NA,NA,NA
"P161","P161","Seigle","Date 3","24","Seigle_Vert",6,2,15.27,"120",NA,NA,2,"8",NA,NA,NA,NA,NA,NA,NA,NA,NA,NA
"P162","P162","Seigle","Date 3","24","Seigle_Vert",6,3,12.9,"120",NA,NA,2,"8",NA,NA,NA,NA,NA,NA,NA,NA,NA,NA
"C1","C1","Courge","Date 1","1","Sol_nu",1,1,19.53,"110",NA,NA,1,"1",NA,NA,5.79,3.75,619560,5632,0.01,11,0.01,0.1
"C2.1","C2.1","Courge","Date 1","1","Sol_nu",1,2,25.67,"110",NA,NA,1,"1","1",NA,5.63,5.48,428516,299961,0.01,10,0.01,7
"C2.2","C2.2","Courge","Date 1","1","Sol_nu",1,2,25.67,"110",NA,NA,1,"4","2",NA,5.63,5.48,428516,299961,0.01,10,0.01,7
"C3","C3","Courge","Date 1","1","Sol_nu",1,3,14.57,"110",NA,NA,1,"1",NA,NA,4.48,5.08,30199,120796,0.1,4,0.1,16
"C4","C4","Courge","Date 1","2","Plastique",1,1,26.38,"110",NA,NA,2,"5",NA,NA,5.57,5.4,375284,250190,0.01,9,0.01,6
"C5","C5","Courge","Date 1","2","Plastique",1,2,23.68,"110",NA,NA,2,"5",NA,NA,4.62,4.57,41807,37162,0.1,9,0.1,8
"C6","C6","Courge","Date 1","2","Plastique",1,3,25.56,"110",NA,NA,2,"5",NA,NA,5.78,5.84,602504,688576,0.01,14,0.01,16
"C7","C7","Courge","Date 1","3","Seigle",1,1,16.79,"110",NA,NA,1,"1",NA,NA,4.9,5.56,78618,366885,0.1,12,0.1,56
"C8","C8","Courge","Date 1","3","Seigle",1,2,13.67,"110",NA,NA,1,"1",NA,NA,5.61,5.75,410388,563277,0.1,51,0.01,7
"C9","C9","Courge","Date 1","3","Seigle",1,3,13.6,"110",NA,NA,1,"1",NA,NA,1.91,5.11,81,129412,1,0.1,0.1,16
"C10","C10","Courge","Date 1","4","Seigle_Bru",1,1,13.97,"110",NA,NA,2,"5",NA,NA,5.26,6.04,181102,1102362,0.1,23,0.01,14
"C11","C11","Courge","Date 1","4","Seigle_Bru",1,2,20.37,"110",NA,NA,2,"5",NA,NA,5.69,5.73,486009,540010,0.01,9,0.01,10
"C12","C12","Courge","Date 1","4","Seigle_Bru",1,3,12.85,"110",NA,NA,2,"5",NA,NA,4.23,5.05,17121,111284,0.1,2,0.1,13
"C13","C13","Courge","Date 1","5","Plastique",2,1,22.48,"110",NA,NA,1,"1",NA,NA,5.87,5.73,733986,538256,0.01,15,0.01,11
"C14","C14","Courge","Date 1","5","Plastique",2,2,16.13,"110",NA,NA,1,"1",NA,NA,4.95,5.16,88655,143211,0.1,13,0.1,21
"C15","C15","Courge","Date 1","5","Plastique",2,3,18.7,"110",NA,NA,1,"1",NA,NA,5.97,5.85,941176,705882,0.01,16,0.01,12
"C16","C16","Courge","Date 1","6","Seigle_Bru",2,1,19.37,"110",NA,NA,2,"5",NA,NA,5.75,5.9,567888,795044,0.01,10,0.01,14
"C17.1","C17.1","Courge","Date 1","6","Seigle_Bru",2,2,12.24,"110",NA,NA,2,"5","1",NA,6,6.16,988562,1437908,0.01,11,0.01,16
"C17.2","C17.2","Courge","Date 1","6","Seigle_Bru",2,2,12.24,"110",NA,NA,2,"8","2",NA,6,6.16,988562,1437908,0.01,11,0.01,16
"C18.1","C18.1","Courge","Date 1","6","Seigle_Bru",2,3,9.8,"110",NA,NA,2,"5","1",NA,4.05,5.05,11224,112245,0.1,1,0.1,10
"C18.2","C18.2","Courge","Date 1","6","Seigle_Bru",2,3,9.8,"110",NA,NA,2,"8","2",NA,4.05,5.05,11224,112245,0.1,1,0.1,10
"C19","C19","Courge","Date 1","7","Sol_nu",2,1,15.05,"110",NA,NA,1,"1",NA,NA,5.82,5.82,657807,657807,0.01,9,0.01,9
"C20","C20","Courge","Date 1","7","Sol_nu",2,2,20.81,"110",NA,NA,1,"1",NA,NA,5.57,5.72,370014,528592,0.01,7,0.01,10
"C21","C21","Courge","Date 1","7","Sol_nu",2,3,15.3,"110",NA,NA,1,"1",NA,NA,6,5.81,1006536,647059,0.01,14,0.01,9
"C22","C22","Courge","Date 1","8","Seigle",2,1,5.98,"110",NA,NA,2,"5",NA,NA,4.57,4.87,36789,73579,0.1,2,0.1,4
"C23","C23","Courge","Date 1","8","Seigle",2,2,13.72,"110",NA,NA,2,"5",NA,NA,6.21,6.16,1603499,1443149,0.01,20,0.01,18
"C24","C24","Courge","Date 1","8","Seigle",2,3,6.8,"110",NA,NA,2,"5",NA,NA,5.81,6.05,647059,1132353,0.01,4,0.01,7
"C25","C25","Courge","Date 1","9","Sol_nu",3,1,14.55,"110",NA,NA,1,"1",NA,NA,6.29,6.43,1965636,2721649,0.01,26,0.01,36
"C26","C26","Courge","Date 1","9","Sol_nu",3,2,17.77,"110",NA,NA,1,"1",NA,NA,6.19,6.17,1547552,1485650,0.01,25,0.01,24
"C27","C27","Courge","Date 1","9","Sol_nu",3,3,20.36,"110",NA,NA,1,"1",NA,NA,5.33,5.33,216110,216110,0.01,4,0.01,4
"C28","C28","Courge","Date 1","10","Seigle",3,1,16.63,"110",NA,NA,2,"5",NA,NA,1.82,5.2,66,158749,1,0.1,0.1,24
"C29","C29","Courge","Date 1","10","Seigle",3,2,19.71,"110",NA,NA,2,"5",NA,NA,4.35,5.29,22324,195332,0.1,4,0.1,35
"C30","C30","Courge","Date 1","10","Seigle",3,3,10.75,"110",NA,NA,2,"5",NA,NA,5.27,5.69,184186,491163,0.1,18,0.1,48
"C31","C31","Courge","Date 1","11","Seigle_Bru",3,1,18.45,"110",NA,NA,1,"1",NA,NA,5.53,5.6,339837,399458,0.1,57,0.1,67
"C32","C32","Courge","Date 1","11","Seigle_Bru",3,2,19.86,"110",NA,NA,1,"1",NA,NA,5.44,5.35,276939,221551,0.01,5,0.01,4
"C33","C33","Courge","Date 1","11","Seigle_Bru",3,3,15.71,"110",NA,NA,1,"1",NA,NA,7.05,6.46,11203055,2870783,1,16,0.01,41
"C34","C34","Courge","Date 1","12","Plastique",3,1,29.28,"110",NA,NA,2,"5",NA,NA,5.35,5.51,225410,323087,0.01,6,0.1,86
"C35","C35","Courge","Date 1","12","Plastique",3,2,33.22,"110",NA,NA,2,"5",NA,NA,4.67,4.67,46358,46358,0.1,14,0.1,14
"C36","C36","Courge","Date 1","12","Plastique",3,3,22.85,"110",NA,NA,2,"5",NA,NA,5.06,5.14,115536,139606,0.1,24,0.1,29
"C37","C37","Courge","Date 1","13","Plastique",4,1,23.52,"110",NA,NA,1,"1",NA,NA,5.67,5.67,467687,467687,0.01,10,0.01,10
"C38","C38","Courge","Date 1","13","Plastique",4,2,19.98,"110",NA,NA,1,"1",NA,NA,5.44,5.59,275275,385385,0.01,5,0.01,7
"C39","C39","Courge","Date 1","13","Plastique",4,3,28.13,"110",NA,NA,1,"1",NA,NA,5.37,5.38,234625,238535,0.01,6,0.1,61
"C40","C40","Courge","Date 1","14","Sol_nu",4,1,13.11,"110",NA,NA,2,"5",NA,NA,5.7,5.62,503432,419527,0.01,6,0.01,5
"C41","C41","Courge","Date 1","14","Sol_nu",4,2,12.1,"110",NA,NA,2,"5",NA,NA,5.86,5.91,727273,818182,0.01,8,0.01,9
"C42","C42","Courge","Date 1","14","Sol_nu",4,3,13.26,"110",NA,NA,2,"5",NA,NA,5.22,5.76,165913,580694,0.01,2,0.1,70
"C43","C43","Courge","Date 1","15","Seigle",4,1,14.54,"110",NA,NA,1,"1",NA,NA,6.6,6.55,4009629,3555708,0.01,53,0.01,47
"C44","C44","Courge","Date 1","15","Seigle",4,2,17.73,"110",NA,NA,1,"1",NA,NA,5.79,5.94,620417,868584,0.01,10,0.01,14
"C45","C45","Courge","Date 1","15","Seigle",4,3,15.08,"110",NA,NA,1,"1",NA,NA,1.86,4.94,73,87533,1,0.1,0.1,12
"C46","C46","Courge","Date 1","16","Seigle_Bru",4,1,14.37,"110",NA,NA,2,"5",NA,NA,5.33,5.58,214335,382742,0.1,28,0.01,5
"C47","C47","Courge","Date 1","16","Seigle_Bru",4,2,16.37,"110",NA,NA,2,"5",NA,NA,5.87,5.97,739157,940745,0.01,11,0.01,14
"C48","C48","Courge","Date 1","16","Seigle_Bru",4,3,12.45,"110",NA,NA,2,"5",NA,NA,1.95,5.03,88,106024,1,0.1,0.1,12
"C49","C49","Courge","Date 1","17","Plastique",5,1,19.86,"110",NA,NA,1,"1",NA,NA,5.86,5.95,720040,886203,0.01,13,0.01,16
"C50","C50","Courge","Date 1","17","Plastique",5,2,26.31,"110",NA,NA,1,"1",NA,NA,5.58,5.47,376283,292664,0.01,9,0.01,7
"C51","C51","Courge","Date 1","17","Plastique",5,3,25.98,"110",NA,NA,1,"1",NA,NA,5.95,5.8,889145,635104,0.01,21,0.01,15
"C52","C52","Courge","Date 1","18","Seigle",5,1,12.92,"110",NA,NA,2,"5",NA,NA,6.93,6.36,8513932,2298762,1,10,0.01,27
"C53","C53","Courge","Date 1","18","Seigle",5,2,16.61,"110",NA,NA,2,"5",NA,NA,5.12,5.78,132450,596026,0.01,2,0.01,9
"C54","C54","Courge","Date 1","18","Seigle",5,3,11.69,"110",NA,NA,2,"5",NA,NA,7.58,7.45,37639008,28229256,1,40,1,30
"C55.1","C55.1","Courge","Date 1","19","Seigle_Bru",5,1,15.22,"110",NA,NA,1,"1","1",NA,1.86,4.46,72,28909,1,0.1,0.1,4
"C55.2","C55.2","Courge","Date 1","19","Seigle_Bru",5,1,15.22,"110",NA,NA,1,"4","2",NA,1.86,4.46,72,28909,1,0.1,0.1,4
"C56","C56","Courge","Date 1","19","Seigle_Bru",5,2,16.95,"110",NA,NA,1,"1",NA,NA,5.72,5.99,519174,973451,0.01,8,0.01,15
"C57","C57","Courge","Date 1","19","Seigle_Bru",5,3,13.35,"110",NA,NA,1,"1",NA,NA,5.52,5.92,329588,823970,0.01,4,0.01,10
"C58","C58","Courge","Date 1","20","Sol_nu",5,1,16.36,"110",NA,NA,2,"5",NA,NA,6.27,6.52,1882641,3294621,0.01,28,0.01,49
"C59","C59","Courge","Date 1","20","Sol_nu",5,2,15.43,"110",NA,NA,2,"5",NA,NA,5.55,5.63,356448,427738,0.01,5,0.01,6
"C60","C60","Courge","Date 1","20","Sol_nu",5,3,14.61,"110",NA,NA,2,"5",NA,NA,6.37,6.55,2334018,3538672,0.01,31,0.01,47
"C61","C61","Courge","Date 1","21","Sol_nu",6,1,19.43,"110",NA,NA,1,"1",NA,NA,5.45,5.6,283067,396294,0.01,5,0.01,7
"C62","C62","Courge","Date 1","21","Sol_nu",6,2,17.87,"110",NA,NA,1,"2",NA,NA,5.99,5.97,984891,923335,0.01,16,0.01,15
"C63.1","C63.1","Courge","Date 1","21","Sol_nu",6,3,11.87,"110",NA,NA,1,"2","1",NA,5.27,5.44,185341,278012,0.01,2,0.01,3
"C63.2","C63.2","Courge","Date 1","21","Sol_nu",6,3,11.87,"110",NA,NA,1,"4","2",NA,5.27,5.44,185341,278012,0.01,2,0.01,3
"C64","C64","Courge","Date 1","22","Seigle_Bru",6,1,18.44,"110",NA,NA,2,"5",NA,NA,5.55,5.38,357918,238612,0.01,6,0.01,4
"C65","C65","Courge","Date 1","22","Seigle_Bru",6,2,19.16,"110",NA,NA,2,"6",NA,NA,5.06,5.54,114823,344468,0.01,2,0.01,6
"C66","C66","Courge","Date 1","22","Seigle_Bru",6,3,17.96,"110",NA,NA,2,"6",NA,NA,4.57,4.79,36748,61247,0.1,6,0.1,10
"C67.1","C67.1","Courge","Date 1","23","Plastique",6,1,18.17,"110",NA,NA,1,"2","1",NA,5.86,5.56,726472,363236,0.01,12,0.01,6
"C67.2","C67.2","Courge","Date 1","23","Plastique",6,1,18.17,"110",NA,NA,1,"4","2",NA,5.86,5.56,726472,363236,0.01,12,0.01,6
"C68.1","C68.1","Courge","Date 1","23","Plastique",6,2,14.85,"110",NA,NA,1,"2","1",NA,5.17,5.48,148148,303704,0.1,20,0.1,41
"C68.2","C68.2","Courge","Date 1","23","Plastique",6,2,14.85,"110",NA,NA,1,"4","2",NA,5.17,5.48,148148,303704,0.1,20,0.1,41
"C69","C69","Courge","Date 1","23","Plastique",6,3,12.9,"110",NA,NA,1,"2",NA,NA,6.04,5.89,1108527,767442,0.01,13,0.01,9
"C70","C70","Courge","Date 1","24","Seigle",6,1,6.08,"110",NA,NA,2,"6",NA,NA,5.26,5.6,180921,398026,0.1,10,0.1,22
"C71","C71","Courge","Date 1","24","Seigle",6,2,16.09,"110",NA,NA,2,"6",NA,NA,5.11,5.31,129894,205096,0.1,19,0.1,30
"C72","C72","Courge","Date 1","24","Seigle",6,3,7.33,"110",NA,NA,2,"6",NA,NA,2.18,5.13,150,135061,1,0.1,0.1,9
"C73","C73","Courge","Date 2","1","Sol_nu",1,1,12.79,"110",NA,NA,1,"2",NA,NA,5.98,6.49,946052,3096169,0.01,11,0.01,36
"C74","C74","Courge","Date 2","1","Sol_nu",1,2,10.87,"110",NA,NA,1,"2",NA,NA,6.28,6.68,1922723,4756210,0.01,19,0.01,47
"C75","C75","Courge","Date 2","1","Sol_nu",1,3,11.18,"110",NA,NA,1,"2",NA,NA,5.03,6.11,108229,1279070,0.1,11,0.01,13
"C76","C76","Courge","Date 2","2","Plastique",1,1,8.72,"110",NA,NA,2,"6",NA,NA,2.1,6.33,126,2144495,1,0.1,0.01,17
"C77","C77","Courge","Date 2","2","Plastique",1,2,10.37,"110",NA,NA,2,"6",NA,NA,5.3,6.42,201543,2651880,0.1,19,0.01,25
"C78","C78","Courge","Date 2","2","Plastique",1,3,13.25,"110",NA,NA,2,"6",NA,NA,3.92,6.48,8302,2988679,0.1,1,0.01,36
"C79","C79","Courge","Date 2","3","Seigle",1,1,13.75,"110",NA,NA,1,"2",NA,NA,4.6,6.16,40000,1440000,0.1,5,0.01,18
"C80","C80","Courge","Date 2","3","Seigle",1,2,17.05,"110",NA,NA,1,"2",NA,NA,1.81,5.89,65,774194,1,0.1,0.01,12
"C81","C81","Courge","Date 2","3","Seigle",1,3,11.75,"110",NA,NA,1,"2",NA,NA,5.45,6.46,280851,2902128,0.1,30,0.01,31
"C82","C82","Courge","Date 2","4","Seigle_Bru",1,1,9.57,"110",NA,NA,2,"6",NA,NA,5.06,6.72,114943,5287356,0.1,10,0.01,46
"C83","C83","Courge","Date 2","4","Seigle_Bru",1,2,8.27,"110",NA,NA,2,"6",NA,NA,4.12,7.2,13301,15961306,0.1,1,1,12
"C84","C84","Courge","Date 2","4","Seigle_Bru",1,3,8.8,"110",NA,NA,2,"6",NA,NA,4.4,6.95,25000,9000000,0.1,2,0.01,72
"C85","C85","Courge","Date 2","5","Plastique",2,1,12.87,"110",NA,NA,1,"2",NA,NA,5.53,6.19,341880,1538462,0.01,4,0.01,18
"C86","C86","Courge","Date 2","5","Plastique",2,2,8.68,"110",NA,NA,1,"2",NA,NA,5.58,6.43,380184,2661290,0.01,3,0.01,21
"C87","C87","Courge","Date 2","5","Plastique",2,3,8.89,"110",NA,NA,1,"2",NA,NA,5.21,6.93,160855,8537683,0.1,13,0.01,69
"C88","C88","Courge","Date 2","6","Seigle_Bru",2,1,9.55,"110",NA,NA,2,"6",NA,NA,5.76,6.83,575916,6795812,0.01,5,0.01,59
"C89","C89","Courge","Date 2","6","Seigle_Bru",2,2,16.12,"110",NA,NA,2,"6",NA,NA,1.83,6.52,68,3343672,1,0.1,0.01,49
"C90","C90","Courge","Date 2","6","Seigle_Bru",2,3,7.54,"110",NA,NA,2,"6",NA,NA,4.16,6.6,14589,3938992,0.1,1,0.01,27
"C91","C91","Courge","Date 2","7","Sol_nu",2,1,7.12,"110",NA,NA,1,"2",NA,NA,5.03,6.77,108146,5870787,0.1,7,0.01,38
"C92","C92","Courge","Date 2","7","Sol_nu",2,2,12.48,"110",NA,NA,1,"2",NA,NA,6.29,6.84,1939103,6963141,0.01,22,0.01,79
"C93","C93","Courge","Date 2","7","Sol_nu",2,3,11.51,"110",NA,NA,1,"2",NA,NA,5.98,6.82,955691,6594266,0.01,10,0.01,69
"C94","C94","Courge","Date 2","8","Seigle",2,1,11.39,"110",NA,NA,2,"6",NA,NA,4.98,6.83,96576,6760316,0.1,10,1,7
"C95","C95","Courge","Date 2","8","Seigle",2,2,13.25,"110",NA,NA,2,"6",NA,NA,4.87,1.92,74717,83,0.1,9,1,0.1
"C96","C96","Courge","Date 2","8","Seigle",2,3,12.56,"110",NA,NA,2,"6",NA,NA,5.53,6.42,341561,2627389,0.1,39,0.01,30
"C97","C97","Courge","Date 2","9","Sol_nu",3,1,59.5,"110",NA,NA,1,"2",NA,NA,4.57,5.52,36975,332773,0.1,20,0.01,18
"C98","C98","Courge","Date 2","9","Sol_nu",3,2,12.37,"110",NA,NA,1,"2",NA,NA,6.06,6.56,1156023,3645918,0.01,13,0.01,41
"C99","C99","Courge","Date 2","9","Sol_nu",3,3,16.93,"110",NA,NA,1,"2",NA,NA,4.93,6.3,84465,2014176,0.1,13,0.01,31
"C100","C100","Courge","Date 2","10","Seigle",3,1,9.16,"110",NA,NA,2,"6",NA,NA,5.26,6.73,180131,5403930,0.1,15,0.01,45
"C101","C101","Courge","Date 2","10","Seigle",3,2,6.77,"110",NA,NA,2,"6",NA,NA,2.21,7.32,162,21122600,1,0.1,1,13
"C102","C102","Courge","Date 2","10","Seigle",3,3,84.6,"110",NA,NA,2,"6",NA,NA,1.11,6.16,13,1430260,1,0.1,1,11
"C103","C103","Courge","Date 2","11","Seigle_Bru",3,1,9.41,"110",NA,NA,1,"2",NA,NA,5.21,6.24,163656,1753454,0.1,14,0.01,15
"C104","C104","Courge","Date 2","11","Seigle_Bru",3,2,8.21,"110",NA,NA,1,"2",NA,NA,5.21,7.67,160780,46894032,0.1,12,1,35
"C105","C105","Courge","Date 2","11","Seigle_Bru",3,3,9.15,"110",NA,NA,1,"2",NA,NA,2.08,6.68,120,4808743,1,0.1,0.01,40
"C106","C106","Courge","Date 2","12","Plastique",3,1,11.59,"110",NA,NA,2,"6",NA,NA,5.18,6.28,151855,1898188,0.1,16,0.01,20
"C107","C107","Courge","Date 2","12","Plastique",3,2,9.31,"110",NA,NA,2,"6",NA,NA,6.41,6.45,2599356,2835661,0.01,22,0.01,24
"C108","C108","Courge","Date 2","12","Plastique",3,3,12.58,"110",NA,NA,2,"6",NA,NA,6.17,6.47,1486486,2972973,0.01,17,0.01,34
"C109","C109","Courge","Date 2","13","Plastique",4,1,5.7,"110",NA,NA,1,"2",NA,NA,5.56,6.14,366667,1389474,0.1,19,0.1,72
"C110","C110","Courge","Date 2","13","Plastique",4,2,6.58,"110",NA,NA,1,"2",NA,NA,5.6,6.5,401216,3176292,0.1,24,0.01,19
"C111","C111","Courge","Date 2","13","Plastique",4,3,6.92,"110",NA,NA,1,"2",NA,NA,6.1,6.69,1271676,4927746,0.01,8,0.01,31
"C112","C112","Courge","Date 2","14","Sol_nu",4,1,8.43,"110",NA,NA,2,"6",NA,NA,6.39,6.72,2479241,5219454,0.01,19,0.01,40
"C113","C113","Courge","Date 2","14","Sol_nu",4,2,7.78,"110",NA,NA,2,"6",NA,NA,5.51,7.41,325193,25449871,0.1,23,1,18
"C114","C114","Courge","Date 2","14","Sol_nu",4,3,7.07,"110",NA,NA,2,"6",NA,NA,5.89,5.86,777935,731259,0.01,5,0.1,47
"C115","C115","Courge","Date 2","15","Seigle",4,1,11.56,"110",NA,NA,1,"2",NA,NA,5.23,6.65,171280,4472318,0.1,18,0.01,47
"C116","C116","Courge","Date 2","15","Seigle",4,2,14.3,"110",NA,NA,1,"2",NA,NA,5.3,6.43,200000,2692308,0.1,26,0.01,35
"C117","C117","Courge","Date 2","15","Seigle",4,3,10.23,"110",NA,NA,1,"2",NA,NA,5.51,6.91,322581,8064516,0.01,3,0.01,75
"C118","C118","Courge","Date 2","16","Seigle_Bru",4,1,12.85,"110",NA,NA,2,"6",NA,NA,5.41,5.59,256809,385214,0.01,3,0.1,45
"C119","C119","Courge","Date 2","16","Seigle_Bru",4,2,12.31,"110",NA,NA,2,"6",NA,NA,5.16,5.85,142973,714866,0.1,16,0.01,8
"C120","C120","Courge","Date 2","16","Seigle_Bru",4,3,8.31,"110",NA,NA,2,"6",NA,NA,6.9,6.97,7942238,9265945,1,6,0.01,70
"C121","C121","Courge","Date 2","17","Plastique",5,1,6.05,"110",NA,NA,1,"2",NA,NA,6.3,6.71,2000000,5090909,0.01,11,0.01,28
"C122","C122","Courge","Date 2","17","Plastique",5,2,9.2,"110",NA,NA,1,"2",NA,NA,6.52,6.92,3347826,8369565,0.01,28,0.01,70
"C123","C123","Courge","Date 2","17","Plastique",5,3,8.77,"110",NA,NA,1,"3",NA,NA,6.3,6.44,2006842,2759407,0.01,16,0.01,22
"C124","C124","Courge","Date 2","18","Seigle",5,1,7.59,"110",NA,NA,2,"6",NA,NA,5.89,6.85,768116,7101449,0.1,53,0.01,49
"C125","C125","Courge","Date 2","18","Seigle",5,2,6.8,"110",NA,NA,2,"6",NA,NA,5.36,6.49,226471,3073529,0.1,14,0.01,19
"C126","C126","Courge","Date 2","18","Seigle",5,3,10.13,"110",NA,NA,2,"7",NA,NA,3.51,6.18,3258,1520237,1,3,0.01,14
"C127","C127","Courge","Date 2","19","Seigle_Bru",5,1,6.14,"110",NA,NA,1,"3",NA,NA,2.25,6.58,179,3762215,1,0.1,0.01,21
"C128","C128","Courge","Date 2","19","Seigle_Bru",5,2,7.01,"110",NA,NA,1,"3",NA,NA,4.67,6.43,47076,2667618,0.1,3,0.01,17
"C129","C129","Courge","Date 2","19","Seigle_Bru",5,3,15.8,"110",NA,NA,1,"3",NA,NA,5.16,7.1,146203,12531646,0.1,21,1,18
"C130","C130","Courge","Date 2","20","Sol_nu",5,1,9.17,"110",NA,NA,2,"7",NA,NA,5.86,6.19,719738,1559433,0.01,6,0.01,13
"C131","C131","Courge","Date 2","20","Sol_nu",5,2,8.51,"110",NA,NA,2,"7",NA,NA,5.51,6.64,323149,4394830,0.1,25,0.01,34
"C132","C132","Courge","Date 2","20","Sol_nu",5,3,9.18,"110",NA,NA,2,"7",NA,NA,5.68,6.74,479303,5511983,0.1,40,0.01,46
"C133","C133","Courge","Date 2","21","Sol_nu",6,1,7.58,"110",NA,NA,1,"3",NA,NA,5.52,6.83,333773,6820580,0.1,23,0.01,47
"C134","C134","Courge","Date 2","21","Sol_nu",6,2,6.35,"110",NA,NA,1,"3",NA,NA,2.24,6.82,173,6582677,1,0.1,0.01,38
"C135","C135","Courge","Date 2","21","Sol_nu",6,3,6.69,"110",NA,NA,1,"3",NA,NA,5.49,5.99,312407,986547,0.1,19,0.01,6
"C136","C136","Courge","Date 2","22","Seigle_Bru",6,1,6.34,"110",NA,NA,2,"7",NA,NA,5.39,6.32,242902,2082019,0.1,14,0.01,12
"C137","C137","Courge","Date 2","22","Seigle_Bru",6,2,9.9,"110",NA,NA,2,"7",NA,NA,5.66,6.73,455556,5333333,0.1,41,0.01,48
"C138","C138","Courge","Date 2","22","Seigle_Bru",6,3,7.06,"110",NA,NA,2,"7",NA,NA,5.71,7.31,514164,20254958,0.1,33,1,13
"C139","C139","Courge","Date 2","23","Plastique",6,1,8.72,"110",NA,NA,1,"3",NA,NA,4.4,6.75,25229,5676606,0.1,2,0.01,45
"C140","C140","Courge","Date 2","23","Plastique",6,2,7.82,"110",NA,NA,1,"3",NA,NA,5.84,6.85,689258,7033248,0.1,49,0.01,50
"C141","C141","Courge","Date 2","23","Plastique",6,3,7.7,"110",NA,NA,1,"3",NA,NA,5.2,6,157143,1000000,0.1,11,0.01,7
"C142","C142","Courge","Date 2","24","Seigle",6,1,8.36,"110",NA,NA,2,"7",NA,NA,5.96,6.61,921053,4078947,0.01,7,0.01,31
"C143","C143","Courge","Date 2","24","Seigle",6,2,8.08,"110",NA,NA,2,"7",NA,NA,6.13,6.76,1361386,5717822,0.01,10,0.01,42
"C144","C144","Courge","Date 2","24","Seigle",6,3,8.53,"110",NA,NA,2,"7",NA,NA,5.26,6.75,180539,5674091,0.1,14,0.01,44
"C145","C145","Courge","Date 3","1","Sol_nu",1,1,16.35,"125",NA,NA,1,"3",NA,NA,3.73,8.18,5352,152905199,1,7,1e-04,20
"C146","C146","Courge","Date 3","1","Sol_nu",1,2,16.75,"125",NA,NA,1,"3",NA,NA,4.17,7.95,14925,89552239,0.1,2,1e-04,12
"C147","C147","Courge","Date 3","1","Sol_nu",1,3,15.16,"125",NA,NA,1,"3",NA,NA,4.69,7.69,49472,49472296,0.1,6,1e-04,6
"C148","C148","Courge","Date 3","2","Plastique",1,1,22.01,"125",NA,NA,2,"7",NA,NA,5.06,8.01,113585,102226261,0.1,20,1e-04,18
"C149","C149","Courge","Date 3","2","Plastique",1,2,22.33,"125",NA,NA,2,"7",NA,NA,4.53,8.28,33587,190326914,0.1,6,1e-04,34
"C150","C150","Courge","Date 3","2","Plastique",1,3,26.71,"125",NA,NA,2,"7",NA,NA,4.27,8.05,18720,112317484,0.1,4,1e-04,24
"C151","C151","Courge","Date 3","3","Seigle",1,1,20.5,"125",NA,NA,1,"3",NA,NA,4.99,8.17,97561,146341463,0.1,16,1e-04,24
"C152","C152","Courge","Date 3","3","Seigle",1,2,14.82,"125",NA,NA,1,"3",NA,NA,4.18,7.1,15182,12651822,1,18,1,15
"C153","C153","Courge","Date 3","3","Seigle",1,3,17.55,"125",NA,NA,1,"3",NA,NA,4.63,7.63,42735,42735043,0.1,6,1e-04,6
"C154","C154","Courge","Date 3","4","Seigle_Bru",1,1,20.99,"125",NA,NA,2,"7",NA,NA,5.03,7.77,107194,59552168,0.1,18,1e-04,10
"C155","C155","Courge","Date 3","4","Seigle_Bru",1,2,28.19,"125",NA,NA,2,"7",NA,NA,5.55,8.08,354736,119723306,0.01,8,1e-04,27
"C156","C156","Courge","Date 3","4","Seigle_Bru",1,3,27.66,"125",NA,NA,2,"7",NA,NA,4.66,7.86,45192,72306580,0.1,10,1e-04,16
"C157","C157","Courge","Date 3","5","Plastique",2,1,21.63,"125",NA,NA,1,"3",NA,NA,4.46,8.5,28895,317845585,0.1,5,1e-04,55
"C158","C158","Courge","Date 3","5","Plastique",2,2,20.33,"125",NA,NA,1,"3",NA,NA,3.09,7.74,1230,55336940,1,2,1e-04,9
"C159","C159","Courge","Date 3","5","Plastique",2,3,23.4,"125",NA,NA,1,"3",NA,NA,3.87,8.05,7479,112179487,1,14,1e-04,21
"C160","C160","Courge","Date 3","6","Seigle_Bru",2,1,27.54,"125",NA,NA,2,"7",NA,NA,6.61,8.04,4084967,108932462,1,9,1e-04,24
"C161","C161","Courge","Date 3","6","Seigle_Bru",2,2,22.38,"125",NA,NA,2,"7",NA,NA,4.92,8.51,83780,323949955,0.1,15,1e-04,58
"C162","C162","Courge","Date 3","6","Seigle_Bru",2,3,23.45,"125",NA,NA,2,"7",NA,NA,5.03,8.22,106610,165245203,0.1,20,1e-04,31
"C163","C163","Courge","Date 3","7","Sol_nu",2,1,24.92,"125",NA,NA,1,"3",NA,NA,5,8.31,100321,205658106,0.01,2,1e-04,41
"C164","C164","Courge","Date 3","7","Sol_nu",2,2,26.16,"125",NA,NA,1,"3",NA,NA,5.16,7.98,143349,95565749,0.01,3,1e-04,20
"C165","C165","Courge","Date 3","7","Sol_nu",2,3,30.15,"125",NA,NA,1,"3",NA,NA,5.09,8.15,124378,140961857,0.01,3,1e-04,34
"C166","C166","Courge","Date 3","8","Seigle",2,1,21.61,"125",NA,NA,2,"7","1",NA,4.99,8.21,98334,161962055,0.1,17,1e-04,28
"C166.bis","C166.bis","Courge","Date 3","8","Seigle",2,1,21.61,"125",NA,NA,2,"7","2",NA,4.99,8.21,98334,161962055,0.1,17,1e-04,28
"C167","C167","Courge","Date 3","8","Seigle",2,2,20.35,"125",NA,NA,2,"7",NA,NA,5.2,8.33,159705,214987715,0.1,26,1e-04,35
"C168","C168","Courge","Date 3","8","Seigle",2,3,16.68,"125",NA,NA,2,"7",NA,NA,4.35,7.48,22482,29976019,0.1,3,1,40
"C169","C169","Courge","Date 3","9","Sol_nu",3,1,20.24,"125",NA,NA,1,"3",NA,NA,4.64,7.97,43231,92638340,0.1,7,1e-04,15
"C170","C170","Courge","Date 3","9","Sol_nu",3,2,29.04,"125",NA,NA,1,"3",NA,NA,5.11,7.86,129132,73174931,0.1,30,1e-04,17
"C171","C171","Courge","Date 3","9","Sol_nu",3,3,27.12,"125",NA,NA,1,"3",NA,NA,5.44,8.06,276549,115228614,0.01,6,1e-04,25
"C172.1","C172.1","Courge","Date 3","10","Seigle",3,1,16.3,"125",NA,NA,2,"7","1",NA,3.73,6.84,5368,6901840,1,7,1,9
"C172.2","C172.2","Courge","Date 3","10","Seigle",3,1,16.3,"125",NA,NA,2,"8","2",NA,3.73,6.84,5368,6901840,1,7,1,9
"C173.1","C173.1","Courge","Date 3","10","Seigle",3,2,14.48,"125",NA,NA,2,"7","1",NA,4.78,7.54,60428,34530387,0.1,7,1,40
"C173.2","C173.2","Courge","Date 3","10","Seigle",3,2,14.48,"125",NA,NA,2,"8","1",NA,4.78,7.54,60428,34530387,0.1,7,1,40
"C174.1","C174.1","Courge","Date 3","10","Seigle",3,3,18.43,"125",NA,NA,2,"7","1",NA,5.21,8.06,162778,115301139,0.1,24,1e-04,17
"C174.2","C174.2","Courge","Date 3","10","Seigle",3,3,18.43,"125",NA,NA,2,"8","2",NA,5.21,8.06,162778,115301139,0.1,24,1e-04,17
"C175","C175","Courge","Date 3","11","Seigle_Bru",3,1,17.22,"125",NA,NA,1,"3",NA,NA,5.56,7.71,362950,50813008,0.01,5,1e-04,7
"C176","C176","Courge","Date 3","11","Seigle_Bru",3,2,25.71,"125",NA,NA,1,"3",NA,NA,5.07,7.19,116686,15558149,0.1,24,1,32
"C177","C177","Courge","Date 3","11","Seigle_Bru",3,3,18.37,"125",NA,NA,1,"3",NA,NA,4.95,8.26,88459,183723462,0.1,13,1e-04,27
"C178","C178","Courge","Date 3","12","Plastique",3,1,20.98,"125",NA,NA,2,"7",NA,NA,5.1,8.17,125119,148951382,0.1,21,1e-04,25
"C179","C179","Courge","Date 3","12","Plastique",3,2,14.4,"125",NA,NA,2,"7",NA,NA,4.24,8.43,17361,269097222,0.1,2,1e-04,31
"C180","C180","Courge","Date 3","12","Plastique",3,3,26.36,"125",NA,NA,2,"7",NA,NA,6.37,8.34,2371017,218133536,1,5,1e-04,46
"C181","C181","Courge","Date 3","13","Plastique",4,1,20.68,"125",NA,NA,1,"3",NA,NA,2.78,8.37,604,235735010,1,1,1e-04,39
"C182","C182","Courge","Date 3","13","Plastique",4,2,27.6,"125",NA,NA,1,"3",NA,NA,4.5,8.38,31703,240036232,0.1,7,1e-04,53
"C183","C183","Courge","Date 3","13","Plastique",4,3,18.56,"125",NA,NA,1,"3",NA,NA,6.78,8.79,6061422,612877155,1,9,1e-04,91
"C184","C184","Courge","Date 3","14","Sol_nu",4,1,25.26,"125",NA,NA,2,"7",NA,NA,4.47,7.9,29691,79176564,0.1,6,1e-04,16
"C185","C185","Courge","Date 3","14","Sol_nu",4,2,22.84,"125",NA,NA,2,"7",NA,NA,4.91,8.12,82093,131348511,0.1,15,1e-04,24
"C186","C186","Courge","Date 3","14","Sol_nu",4,3,23.77,"125",NA,NA,2,"7",NA,NA,4.32,8.1,21035,126209508,0.1,4,1e-04,24
"C187","C187","Courge","Date 3","15","Seigle",4,1,27.3,"125",NA,NA,1,"4",NA,NA,5.14,8.23,137363,169413919,0.01,3,1e-04,37
"C188","C188","Courge","Date 3","15","Seigle",4,2,20.95,"125",NA,NA,1,"4",NA,NA,4.85,5.08,71599,119332,0.1,12,0.1,20
"C189","C189","Courge","Date 3","15","Seigle",4,3,23.8,"125",NA,NA,1,"4",NA,NA,4.9,8.36,78782,231092437,0.1,15,1e-04,44
"C190","C190","Courge","Date 3","16","Seigle_Bru",4,1,26.01,"125",NA,NA,2,"8",NA,NA,3.38,8.14,2403,139369473,1,5,1e-04,29
"C191","C191","Courge","Date 3","16","Seigle_Bru",4,2,19.22,"125",NA,NA,2,"8",NA,NA,5.21,8.34,162591,221123829,0.1,25,1e-04,34
"C192","C192","Courge","Date 3","16","Seigle_Bru",4,3,14.45,"125",NA,NA,2,"8",NA,NA,4.41,8.35,25952,224913495,0.1,3,1e-04,26
"C193","C193","Courge","Date 3","17","Plastique",5,1,25.24,"125",NA,NA,1,"4",NA,NA,4.14,8.11,13867,128763867,1,28,1e-04,26
"C194","C194","Courge","Date 3","17","Plastique",5,2,24.11,"125",NA,NA,1,"4",NA,NA,5.16,8.42,145168,264413107,0.1,28,1e-04,51
"C195","C195","Courge","Date 3","17","Plastique",5,3,21.92,"125",NA,NA,1,"4",NA,NA,5.08,8.25,119754,176779197,0.1,21,1e-04,31
"C196","C196","Courge","Date 3","18","Seigle",5,1,19.34,"125",NA,NA,2,"8",NA,NA,4.59,8.17,38780,148655636,0.1,6,1e-04,23
"C197","C197","Courge","Date 3","18","Seigle",5,2,17.44,"125",NA,NA,2,"8",NA,NA,3.55,7.93,3584,86009174,1,5,1e-04,12
"C198","C198","Courge","Date 3","18","Seigle",5,3,24.76,"125",NA,NA,2,"8",NA,NA,4.12,7.05,13126,11106624,1,26,1,22
"C199","C199","Courge","Date 3","19","Seigle_Bru",5,1,21.11,"125",NA,NA,1,"4",NA,NA,4.98,7.95,94742,88820464,0.1,16,1e-04,15
"C200","C200","Courge","Date 3","19","Seigle_Bru",5,2,26.51,"125",NA,NA,1,"4",NA,NA,4.28,7.71,18861,51867220,0.1,4,1e-04,11
"C201","C201","Courge","Date 3","19","Seigle_Bru",5,3,27.44,"125",NA,NA,1,"4",NA,NA,4.44,7.86,27332,72886297,0.1,6,1e-04,16
"C202","C202","Courge","Date 3","20","Sol_nu",5,1,18.38,"125",NA,NA,2,"8",NA,NA,5.01,8.15,102013,142818281,0.1,15,1e-04,21
"C203.1","C203.1","Courge","Date 3","20","Sol_nu",5,2,22.78,"125",NA,NA,2,"8","1",NA,4.74,8.14,54873,137181738,0.1,10,1e-04,25
"C203.2","C203.2","Courge","Date 3","20","Sol_nu",5,2,22.78,"125",NA,NA,2,"8","2",NA,4.74,8.14,54873,137181738,0.1,10,1e-04,25
"C204.1","C204.1","Courge","Date 3","20","Sol_nu",5,3,24.56,"125",NA,NA,2,"8","1",NA,5.01,8.3,101792,198493485,0.1,20,1e-04,39
"C204.2","C204.2","Courge","Date 3","20","Sol_nu",5,3,24.56,"125",NA,NA,2,"8","2",NA,5.01,8.3,101792,198493485,0.1,20,1e-04,39
"C205","C205","Courge","Date 3","21","Sol_nu",6,1,19.33,"125",NA,NA,1,"4",NA,NA,3.92,7.26,8407,18106570,1,13,1,28
"C206","C206","Courge","Date 3","21","Sol_nu",6,2,18.3,"250",NA,NA,1,"4",NA,NA,3.83,8.28,6831,191256831,1,5,1e-04,14
"C207","C207","Courge","Date 3","21","Sol_nu",6,3,19,"125",NA,NA,1,"4",NA,NA,3.77,6.41,5921,2565789,1,9,0.01,39
"C208","C208","Courge","Date 3","22","Seigle_Bru",6,1,22.43,"125",NA,NA,2,"8",NA,NA,4.59,7.83,39010,66874721,0.1,7,1e-04,12
"C209","C209","Courge","Date 3","22","Seigle_Bru",6,2,26.5,"125",NA,NA,2,"8",NA,NA,3.9,7.95,8019,89622642,1,17,1e-04,19
"C210","C210","Courge","Date 3","22","Seigle_Bru",6,3,16,"125",NA,NA,2,"8",NA,NA,5.93,7.74,859375,54687500,0.01,11,1e-04,7
"C211","C211","Courge","Date 3","23","Plastique",6,1,26.57,"125",NA,NA,1,"4",NA,NA,5.18,8.15,150546,141136620,0.1,32,1e-04,30
"C212","C212","Courge","Date 3","23","Plastique",6,2,23.5,"125",NA,NA,1,"4",NA,NA,4.9,7.73,79787,53191489,0.1,15,1e-04,10
"C213","C213","Courge","Date 3","23","Plastique",6,3,24.63,"125",NA,NA,1,"4",NA,NA,6.66,7.82,4567600,65976451,1,9,1e-04,13
"C214","C214","Courge","Date 3","24","Seigle",6,1,18.75,"125",NA,NA,2,"8",NA,NA,4.29,8.19,19333,153333333,1,29,1e-04,23
"C215","C215","Courge","Date 3","24","Seigle",6,2,16.08,"125",NA,NA,2,"8",NA,NA,4.59,8,38868,101057214,0.1,5,1e-04,13
"C216","C216","Courge","Date 3","24","Seigle",6,3,17.04,"125",NA,NA,2,"8",NA,NA,4.47,8.04,29343,110035211,0.1,4,1e-04,15
"S1","S1","Sol","Date 0","1","Sol_nu",1,1,0.93,NA,NA,NA,1,"1",NA,NA,NA,NA,NA,NA,NA,NA,NA,NA
"S2","S2","Sol","Date 0","1","Sol_nu",1,2,1.38,NA,NA,NA,1,"1",NA,NA,NA,NA,NA,NA,NA,NA,NA,NA
"S3","S3","Sol","Date 0","1","Sol_nu",1,3,0.94,NA,NA,NA,1,"1",NA,NA,NA,NA,NA,NA,NA,NA,NA,NA
"S4","S4","Sol","Date 0","2","Plastique",1,1,1.32,NA,NA,NA,2,"5",NA,NA,NA,NA,NA,NA,NA,NA,NA,NA
"S5","S5","Sol","Date 0","2","Plastique",1,2,1.32,NA,NA,NA,2,"5",NA,NA,NA,NA,NA,NA,NA,NA,NA,NA
"S6","S6","Sol","Date 0","2","Plastique",1,3,0.86,NA,NA,NA,2,"5",NA,NA,NA,NA,NA,NA,NA,NA,NA,NA
"S7","S7","Sol","Date 0","3","Seigle",1,1,1.18,NA,NA,NA,1,"1",NA,NA,NA,NA,NA,NA,NA,NA,NA,NA
"S8","S8","Sol","Date 0","3","Seigle",1,2,0.69,NA,NA,NA,1,"1",NA,NA,NA,NA,NA,NA,NA,NA,NA,NA
"S9","S9","Sol","Date 0","3","Seigle",1,3,0.53,NA,NA,NA,1,"1",NA,NA,NA,NA,NA,NA,NA,NA,NA,NA
"S10","S10","Sol","Date 0","4","Seigle_Bru",1,1,0.65,NA,NA,NA,2,"5",NA,NA,NA,NA,NA,NA,NA,NA,NA,NA
"S11","S11","Sol","Date 0","4","Seigle_Bru",1,2,0.75,NA,NA,NA,2,"5",NA,NA,NA,NA,NA,NA,NA,NA,NA,NA
"S12","S12","Sol","Date 0","4","Seigle_Bru",1,3,0.94,NA,NA,NA,2,"5",NA,NA,NA,NA,NA,NA,NA,NA,NA,NA
"S13","S13","Sol","Date 0","5","Plastique",2,1,0.59,NA,NA,NA,1,"1",NA,NA,NA,NA,NA,NA,NA,NA,NA,NA
"S14","S14","Sol","Date 0","5","Plastique",2,2,0.56,NA,NA,NA,1,"1",NA,NA,NA,NA,NA,NA,NA,NA,NA,NA
"S15","S15","Sol","Date 0","5","Plastique",2,3,0.49,NA,NA,NA,1,"1",NA,NA,NA,NA,NA,NA,NA,NA,NA,NA
"S16","S16","Sol","Date 0","6","Seigle_Bru",2,1,0.59,NA,NA,NA,2,"5",NA,NA,NA,NA,NA,NA,NA,NA,NA,NA
"S17","S17","Sol","Date 0","6","Seigle_Bru",2,2,0.56,NA,NA,NA,2,"5",NA,NA,NA,NA,NA,NA,NA,NA,NA,NA
"S18","S18","Sol","Date 0","6","Seigle_Bru",2,3,0.51,NA,NA,NA,2,"5",NA,NA,NA,NA,NA,NA,NA,NA,NA,NA
"S19","S19","Sol","Date 0","7","Sol_nu",2,1,0.78,NA,NA,NA,1,"1",NA,NA,NA,NA,NA,NA,NA,NA,NA,NA
"S20","S20","Sol","Date 0","7","Sol_nu",2,2,0.84,NA,NA,NA,1,"1",NA,NA,NA,NA,NA,NA,NA,NA,NA,NA
"S21","S21","Sol","Date 0","7","Sol_nu",2,3,0.48,NA,NA,NA,1,"1",NA,NA,NA,NA,NA,NA,NA,NA,NA,NA
"S22","S22","Sol","Date 0","8","Seigle",2,1,0.49,NA,NA,NA,2,"5",NA,NA,NA,NA,NA,NA,NA,NA,NA,NA
"S23","S23","Sol","Date 0","8","Seigle",2,2,0.59,NA,NA,NA,2,"5",NA,NA,NA,NA,NA,NA,NA,NA,NA,NA
"S24","S24","Sol","Date 0","8","Seigle",2,3,0.71,NA,NA,NA,2,"5",NA,NA,NA,NA,NA,NA,NA,NA,NA,NA
"S25","S25","Sol","Date 0","9","Sol_nu",3,1,0.6,NA,NA,NA,1,"1",NA,NA,NA,NA,NA,NA,NA,NA,NA,NA
"S26","S26","Sol","Date 0","9","Sol_nu",3,2,0.64,NA,NA,NA,1,"1",NA,NA,NA,NA,NA,NA,NA,NA,NA,NA
"S27","S27","Sol","Date 0","9","Sol_nu",3,3,0.76,NA,NA,NA,1,"1",NA,NA,NA,NA,NA,NA,NA,NA,NA,NA
"S28","S28","Sol","Date 0","10","Seigle",3,1,0.61,NA,NA,NA,2,"5",NA,NA,NA,NA,NA,NA,NA,NA,NA,NA
"S29","S29","Sol","Date 0","10","Seigle",3,2,0.55,NA,NA,NA,2,"5",NA,NA,NA,NA,NA,NA,NA,NA,NA,NA
"S30","S30","Sol","Date 0","10","Seigle",3,3,0.54,NA,NA,NA,2,"5",NA,NA,NA,NA,NA,NA,NA,NA,NA,NA
"S31","S31","Sol","Date 0","11","Seigle_Bru",3,1,0.48,NA,NA,NA,1,"1",NA,NA,NA,NA,NA,NA,NA,NA,NA,NA
"S32","S32","Sol","Date 0","11","Seigle_Bru",3,2,0.67,NA,NA,NA,1,"1",NA,NA,NA,NA,NA,NA,NA,NA,NA,NA
"S33","S33","Sol","Date 0","11","Seigle_Bru",3,3,0.55,NA,NA,NA,1,"1",NA,NA,NA,NA,NA,NA,NA,NA,NA,NA
"S34","S34","Sol","Date 0","12","Plastique",3,1,0.63,NA,NA,NA,2,"5",NA,NA,NA,NA,NA,NA,NA,NA,NA,NA
"S35","S35","Sol","Date 0","12","Plastique",3,2,0.83,NA,NA,NA,2,"5",NA,NA,NA,NA,NA,NA,NA,NA,NA,NA
"S36","S36","Sol","Date 0","12","Plastique",3,3,0.48,NA,NA,NA,2,"5",NA,NA,NA,NA,NA,NA,NA,NA,NA,NA
"S37","S37","Sol","Date 0","13","Plastique",4,1,0.73,NA,NA,NA,1,"1",NA,NA,NA,NA,NA,NA,NA,NA,NA,NA
"S38","S38","Sol","Date 0","13","Plastique",4,2,0.61,NA,NA,NA,1,"1",NA,NA,NA,NA,NA,NA,NA,NA,NA,NA
"S39","S39","Sol","Date 0","13","Plastique",4,3,0.52,NA,NA,NA,1,"1",NA,NA,NA,NA,NA,NA,NA,NA,NA,NA
"S40","S40","Sol","Date 0","14","Sol_nu",4,1,0.53,NA,NA,NA,2,"5",NA,NA,NA,NA,NA,NA,NA,NA,NA,NA
"S41","S41","Sol","Date 0","14","Sol_nu",4,2,0.56,NA,NA,NA,2,"5",NA,NA,NA,NA,NA,NA,NA,NA,NA,NA
"S42","S42","Sol","Date 0","14","Sol_nu",4,3,0.46,NA,NA,NA,2,"5",NA,NA,NA,NA,NA,NA,NA,NA,NA,NA
"S43","S43","Sol","Date 0","15","Seigle",4,1,0.56,NA,NA,NA,1,"1",NA,NA,NA,NA,NA,NA,NA,NA,NA,NA
"S44","S44","Sol","Date 0","15","Seigle",4,2,0.54,NA,NA,NA,1,"1",NA,NA,NA,NA,NA,NA,NA,NA,NA,NA
"S45","S45","Sol","Date 0","15","Seigle",4,3,0.6,NA,NA,NA,1,"1",NA,NA,NA,NA,NA,NA,NA,NA,NA,NA
"S46","S46","Sol","Date 0","16","Seigle_Bru",4,1,0.61,NA,NA,NA,2,"5",NA,NA,NA,NA,NA,NA,NA,NA,NA,NA
"S47","S47","Sol","Date 0","16","Seigle_Bru",4,2,0.81,NA,NA,NA,2,"5",NA,NA,NA,NA,NA,NA,NA,NA,NA,NA
"S48","S48","Sol","Date 0","16","Seigle_Bru",4,3,0.47,NA,NA,NA,2,"5",NA,NA,NA,NA,NA,NA,NA,NA,NA,NA
"S49","S49","Sol","Date 0","17","Plastique",4,1,1.1,NA,NA,NA,1,"1",NA,NA,NA,NA,NA,NA,NA,NA,NA,NA
"S50","S50","Sol","Date 0","17","Plastique",5,2,0.46,NA,NA,NA,1,"1",NA,NA,NA,NA,NA,NA,NA,NA,NA,NA
"S51","S51","Sol","Date 0","17","Plastique",5,3,0.53,NA,NA,NA,1,"1",NA,NA,NA,NA,NA,NA,NA,NA,NA,NA
"S52","S52","Sol","Date 0","18","Seigle",5,1,0.52,NA,NA,NA,2,"5",NA,NA,NA,NA,NA,NA,NA,NA,NA,NA
"S53","S53","Sol","Date 0","18","Seigle",5,2,0.46,NA,NA,NA,2,"5",NA,NA,NA,NA,NA,NA,NA,NA,NA,NA
"S54","S54","Sol","Date 0","18","Seigle",5,3,0.55,NA,NA,NA,2,"5",NA,NA,NA,NA,NA,NA,NA,NA,NA,NA
"S55","S55","Sol","Date 0","19","Seigle_Bru",5,1,0.58,NA,NA,NA,1,"1",NA,NA,NA,NA,NA,NA,NA,NA,NA,NA
"S56","S56","Sol","Date 0","19","Seigle_Bru",5,2,0.53,NA,NA,NA,1,"1",NA,NA,NA,NA,NA,NA,NA,NA,NA,NA
"S57","S57","Sol","Date 0","19","Seigle_Bru",5,3,0.64,NA,NA,NA,1,"1",NA,NA,NA,NA,NA,NA,NA,NA,NA,NA
"S58","S58","Sol","Date 0","20","Sol_nu",5,1,0.52,NA,NA,NA,2,"5",NA,NA,NA,NA,NA,NA,NA,NA,NA,NA
"S59","S59","Sol","Date 0","20","Sol_nu",5,2,0.55,NA,NA,NA,2,"5",NA,NA,NA,NA,NA,NA,NA,NA,NA,NA
"S60","S60","Sol","Date 0","20","Sol_nu",5,3,0.55,NA,NA,NA,2,"5",NA,NA,NA,NA,NA,NA,NA,NA,NA,NA
"S61","S61","Sol","Date 0","21","Sol_nu",6,1,0.56,NA,NA,NA,1,"1",NA,NA,NA,NA,NA,NA,NA,NA,NA,NA
"S62","S62","Sol","Date 0","21","Sol_nu",6,2,0.55,NA,NA,NA,1,"1",NA,NA,NA,NA,NA,NA,NA,NA,NA,NA
"S63","S63","Sol","Date 0","21","Sol_nu",6,3,0.58,NA,NA,NA,1,"1",NA,NA,NA,NA,NA,NA,NA,NA,NA,NA
"S64","S64","Sol","Date 0","22","Seigle_Bru",6,1,0.57,NA,NA,NA,2,"5",NA,NA,NA,NA,NA,NA,NA,NA,NA,NA
"S65","S65","Sol","Date 0","22","Seigle_Bru",6,2,0.67,NA,NA,NA,2,"5",NA,NA,NA,NA,NA,NA,NA,NA,NA,NA
"S66","S66","Sol","Date 0","22","Seigle_Bru",6,3,0.71,NA,NA,NA,2,"5",NA,NA,NA,NA,NA,NA,NA,NA,NA,NA
"S67","S67","Sol","Date 0","23","Plastique",6,1,0.56,NA,NA,NA,1,"1",NA,NA,NA,NA,NA,NA,NA,NA,NA,NA
"S68","S68","Sol","Date 0","23","Plastique",6,2,0.58,NA,NA,NA,1,"1",NA,NA,NA,NA,NA,NA,NA,NA,NA,NA
"S69","S69","Sol","Date 0","23","Plastique",6,3,0.95,NA,NA,NA,1,"1",NA,NA,NA,NA,NA,NA,NA,NA,NA,NA
"S70","S70","Sol","Date 0","24","Seigle",6,1,0.56,NA,NA,NA,2,"5",NA,NA,NA,NA,NA,NA,NA,NA,NA,NA
"S71","S71","Sol","Date 0","24","Seigle",6,2,0.56,NA,NA,NA,2,"5",NA,NA,NA,NA,NA,NA,NA,NA,NA,NA
"S72","S72","Sol","Date 0","24","Seigle",6,3,0.62,NA,NA,NA,2,"5",NA,NA,NA,NA,NA,NA,NA,NA,NA,NA
"S73","S73","Sol","Date 1","1","Sol_nu",1,1,0.56,NA,NA,NA,1,"1",NA,NA,NA,NA,NA,NA,NA,NA,NA,NA
"S74","S74","Sol","Date 1","1","Sol_nu",1,2,0.7,NA,NA,NA,1,"1",NA,NA,NA,NA,NA,NA,NA,NA,NA,NA
"S75","S75","Sol","Date 1","1","Sol_nu",1,3,0.73,NA,NA,NA,1,"1",NA,NA,NA,NA,NA,NA,NA,NA,NA,NA
"S76","S76","Sol","Date 1","2","Plastique",1,1,0.73,NA,NA,NA,2,"5",NA,NA,NA,NA,NA,NA,NA,NA,NA,NA
"S77","S77","Sol","Date 1","2","Plastique",1,2,0.72,NA,NA,NA,2,"5",NA,NA,NA,NA,NA,NA,NA,NA,NA,NA
"S78","S78","Sol","Date 1","2","Plastique",1,3,0.81,NA,NA,NA,2,"5",NA,NA,NA,NA,NA,NA,NA,NA,NA,NA
"S79","S79","Sol","Date 1","3","Seigle",1,1,0.62,NA,NA,NA,1,"1",NA,NA,NA,NA,NA,NA,NA,NA,NA,NA
"S80","S80","Sol","Date 1","3","Seigle",1,2,0.67,NA,NA,NA,1,"1",NA,NA,NA,NA,NA,NA,NA,NA,NA,NA
"S81","S81","Sol","Date 1","3","Seigle",1,3,0.84,NA,NA,NA,1,"2",NA,NA,NA,NA,NA,NA,NA,NA,NA,NA
"S82","S82","Sol","Date 1","4","Seigle_Bru",1,1,0.86,NA,NA,NA,2,"5",NA,NA,NA,NA,NA,NA,NA,NA,NA,NA
"S83","S83","Sol","Date 1","4","Seigle_Bru",1,2,0.99,NA,NA,NA,2,"5",NA,NA,NA,NA,NA,NA,NA,NA,NA,NA
"S84","S84","Sol","Date 1","4","Seigle_Bru",1,3,0.83,NA,NA,NA,2,"6",NA,NA,NA,NA,NA,NA,NA,NA,NA,NA
"S85","S85","Sol","Date 1","5","Plastique",2,1,0.95,NA,NA,NA,1,"2",NA,NA,NA,NA,NA,NA,NA,NA,NA,NA
"S86","S86","Sol","Date 1","5","Plastique",2,2,0.67,NA,NA,NA,1,"2",NA,NA,NA,NA,NA,NA,NA,NA,NA,NA
"S87","S87","Sol","Date 1","5","Plastique",2,3,0.76,NA,NA,NA,1,"2",NA,NA,NA,NA,NA,NA,NA,NA,NA,NA
"S88","S88","Sol","Date 1","6","Seigle_Bru",2,1,0.86,NA,NA,NA,2,"6",NA,NA,NA,NA,NA,NA,NA,NA,NA,NA
"S89","S89","Sol","Date 1","6","Seigle_Bru",2,2,1.17,NA,NA,NA,2,"6",NA,NA,NA,NA,NA,NA,NA,NA,NA,NA
"S90","S90","Sol","Date 1","6","Seigle_Bru",2,3,0.97,NA,NA,NA,2,"6",NA,NA,NA,NA,NA,NA,NA,NA,NA,NA
"S91","S91","Sol","Date 1","7","Sol_nu",2,1,1.1,NA,NA,NA,1,"2",NA,NA,NA,NA,NA,NA,NA,NA,NA,NA
"S92","S92","Sol","Date 1","7","Sol_nu",2,2,1.1,NA,NA,NA,1,"2",NA,NA,NA,NA,NA,NA,NA,NA,NA,NA
"S93","S93","Sol","Date 1","7","Sol_nu",2,3,0.77,NA,NA,NA,1,"2",NA,NA,NA,NA,NA,NA,NA,NA,NA,NA
"S94","S94","Sol","Date 1","8","Seigle",2,1,0.75,NA,NA,NA,2,"6",NA,NA,NA,NA,NA,NA,NA,NA,NA,NA
"S95","S95","Sol","Date 1","8","Seigle",2,2,0.95,NA,NA,NA,2,"6",NA,NA,NA,NA,NA,NA,NA,NA,NA,NA
"S96","S96","Sol","Date 1","8","Seigle",2,3,0.73,NA,NA,NA,2,"6",NA,NA,NA,NA,NA,NA,NA,NA,NA,NA
"S97","S97","Sol","Date 1","9","Sol_nu",3,1,0.73,NA,NA,NA,1,"2",NA,NA,NA,NA,NA,NA,NA,NA,NA,NA
"S98","S98","Sol","Date 1","9","Sol_nu",3,2,0.95,NA,NA,NA,1,"2",NA,NA,NA,NA,NA,NA,NA,NA,NA,NA
"S99","S99","Sol","Date 1","9","Sol_nu",3,3,1.01,NA,NA,NA,1,"2",NA,NA,NA,NA,NA,NA,NA,NA,NA,NA
"S100","S100","Sol","Date 1","10","Seigle",3,1,0.74,NA,NA,NA,2,"6",NA,NA,NA,NA,NA,NA,NA,NA,NA,NA
"S101","S101","Sol","Date 1","10","Seigle",3,2,0.82,NA,NA,NA,2,"6",NA,NA,NA,NA,NA,NA,NA,NA,NA,NA
"S102","S102","Sol","Date 1","10","Seigle",3,3,0.68,NA,NA,NA,2,"6",NA,NA,NA,NA,NA,NA,NA,NA,NA,NA
"S103","S103","Sol","Date 1","11","Seigle_Bru",3,1,1.07,NA,NA,NA,1,"2",NA,NA,NA,NA,NA,NA,NA,NA,NA,NA
"S104","S104","Sol","Date 1","11","Seigle_Bru",3,2,0.87,NA,NA,NA,1,"2",NA,NA,NA,NA,NA,NA,NA,NA,NA,NA
"S105","S105","Sol","Date 1","11","Seigle_Bru",3,3,0.87,NA,NA,NA,1,"2",NA,NA,NA,NA,NA,NA,NA,NA,NA,NA
"S106","S106","Sol","Date 1","12","Plastique",3,1,0.69,NA,NA,NA,2,"6",NA,NA,NA,NA,NA,NA,NA,NA,NA,NA
"S107","S107","Sol","Date 1","12","Plastique",3,2,1.3,NA,NA,NA,2,"6",NA,NA,NA,NA,NA,NA,NA,NA,NA,NA
"S108","S108","Sol","Date 1","12","Plastique",3,3,0.84,NA,NA,NA,2,"6",NA,NA,NA,NA,NA,NA,NA,NA,NA,NA
"S109","S109","Sol","Date 1","13","Plastique",4,1,1.02,NA,NA,NA,1,"2",NA,NA,NA,NA,NA,NA,NA,NA,NA,NA
"S110","S110","Sol","Date 1","13","Plastique",4,2,1.28,NA,NA,NA,1,"2",NA,NA,NA,NA,NA,NA,NA,NA,NA,NA
"S111","S111","Sol","Date 1","13","Plastique",4,3,0.88,NA,NA,NA,1,"2",NA,NA,NA,NA,NA,NA,NA,NA,NA,NA
"S112","S112","Sol","Date 1","14","Sol_nu",4,1,0.89,NA,NA,NA,2,"6",NA,NA,NA,NA,NA,NA,NA,NA,NA,NA
"S113","S113","Sol","Date 1","14","Sol_nu",4,2,1.24,NA,NA,NA,2,"6",NA,NA,NA,NA,NA,NA,NA,NA,NA,NA
"S114","S114","Sol","Date 1","14","Sol_nu",4,3,0.75,NA,NA,NA,2,"6",NA,NA,NA,NA,NA,NA,NA,NA,NA,NA
"S115","S115","Sol","Date 1","15","Seigle",4,1,0.76,NA,NA,NA,1,"2",NA,NA,NA,NA,NA,NA,NA,NA,NA,NA
"S116","S116","Sol","Date 1","15","Seigle",4,2,1.03,NA,NA,NA,1,"2",NA,NA,NA,NA,NA,NA,NA,NA,NA,NA
"S117","S117","Sol","Date 1","15","Seigle",4,3,1.03,NA,NA,NA,1,"2",NA,NA,NA,NA,NA,NA,NA,NA,NA,NA
"S118","S118","Sol","Date 1","16","Seigle_Bru",4,1,0.62,NA,NA,NA,2,"6",NA,NA,NA,NA,NA,NA,NA,NA,NA,NA
"S119","S119","Sol","Date 1","16","Seigle_Bru",4,2,0.85,NA,NA,NA,2,"6",NA,NA,NA,NA,NA,NA,NA,NA,NA,NA
"S120","S120","Sol","Date 1","16","Seigle_Bru",4,3,1,NA,NA,NA,2,"6",NA,NA,NA,NA,NA,NA,NA,NA,NA,NA
"S121","S121","Sol","Date 1","17","Plastique",4,1,0.87,NA,NA,NA,1,"2",NA,NA,NA,NA,NA,NA,NA,NA,NA,NA
"S122","S122","Sol","Date 1","17","Plastique",5,2,0.65,NA,NA,NA,1,"2",NA,NA,NA,NA,NA,NA,NA,NA,NA,NA
"S123","S123","Sol","Date 1","17","Plastique",5,3,1.34,NA,NA,NA,1,"2",NA,NA,NA,NA,NA,NA,NA,NA,NA,NA
"S124","S124","Sol","Date 1","18","Seigle",5,1,0.82,NA,NA,NA,2,"6",NA,NA,NA,NA,NA,NA,NA,NA,NA,NA
"S125","S125","Sol","Date 1","18","Seigle",5,2,0.62,NA,NA,NA,2,"6",NA,NA,NA,NA,NA,NA,NA,NA,NA,NA
"S126","S126","Sol","Date 1","18","Seigle",5,3,0.75,NA,NA,NA,2,"6",NA,NA,NA,NA,NA,NA,NA,NA,NA,NA
"S127","S127","Sol","Date 1","19","Seigle_Bru",5,1,0.81,NA,NA,NA,1,"2",NA,NA,NA,NA,NA,NA,NA,NA,NA,NA
"S128","S128","Sol","Date 1","19","Seigle_Bru",5,2,0.81,NA,NA,NA,1,"2",NA,NA,NA,NA,NA,NA,NA,NA,NA,NA
"S129","S129","Sol","Date 1","19","Seigle_Bru",5,3,1.11,NA,NA,NA,1,"2",NA,NA,NA,NA,NA,NA,NA,NA,NA,NA
"S130","S130","Sol","Date 1","20","Sol_nu",5,1,0.76,NA,NA,NA,2,"6",NA,NA,NA,NA,NA,NA,NA,NA,NA,NA
"S131","S131","Sol","Date 1","20","Sol_nu",5,2,1.14,NA,NA,NA,2,"6",NA,NA,NA,NA,NA,NA,NA,NA,NA,NA
"S132","S132","Sol","Date 1","20","Sol_nu",5,3,0.98,NA,NA,NA,2,"6",NA,NA,NA,NA,NA,NA,NA,NA,NA,NA
"S133","S133","Sol","Date 1","21","Sol_nu",6,1,1.11,NA,NA,NA,1,"2",NA,NA,NA,NA,NA,NA,NA,NA,NA,NA
"S134","S134","Sol","Date 1","21","Sol_nu",6,2,0.98,NA,NA,NA,1,"2",NA,NA,NA,NA,NA,NA,NA,NA,NA,NA
"S135","S135","Sol","Date 1","21","Sol_nu",6,3,1,NA,NA,NA,1,"2",NA,NA,NA,NA,NA,NA,NA,NA,NA,NA
"S136","S136","Sol","Date 1","22","Seigle_Bru",6,1,1.11,NA,NA,NA,2,"6",NA,NA,NA,NA,NA,NA,NA,NA,NA,NA
"S137","S137","Sol","Date 1","22","Seigle_Bru",6,2,1.03,NA,NA,NA,2,"6",NA,NA,NA,NA,NA,NA,NA,NA,NA,NA
"S138","S138","Sol","Date 1","22","Seigle_Bru",6,3,1.37,NA,NA,NA,2,"6",NA,NA,NA,NA,NA,NA,NA,NA,NA,NA
"S139","S139","Sol","Date 1","23","Plastique",6,1,1.25,NA,NA,NA,1,"2",NA,NA,NA,NA,NA,NA,NA,NA,NA,NA
"S140","S140","Sol","Date 1","23","Plastique",6,2,1,NA,NA,NA,1,"2",NA,NA,NA,NA,NA,NA,NA,NA,NA,NA
"S141","S141","Sol","Date 1","23","Plastique",6,3,1.04,NA,NA,NA,1,"2",NA,NA,NA,NA,NA,NA,NA,NA,NA,NA
"S142","S142","Sol","Date 1","24","Seigle",6,1,1.11,NA,NA,NA,2,"6",NA,NA,NA,NA,NA,NA,NA,NA,NA,NA
"S143","S143","Sol","Date 1","24","Seigle",6,2,0.97,NA,NA,NA,2,"6",NA,NA,NA,NA,NA,NA,NA,NA,NA,NA
"S144","S144","Sol","Date 1","24","Seigle",6,3,0.86,NA,NA,NA,2,"6",NA,NA,NA,NA,NA,NA,NA,NA,NA,NA
"S145","S145","Sol","Date 2","1","Sol_nu",1,1,0.72,NA,NA,NA,1,"2",NA,NA,NA,NA,NA,NA,NA,NA,NA,NA
"S146","S146","Sol","Date 2","1","Sol_nu",1,2,0.7,NA,NA,NA,1,"2",NA,NA,NA,NA,NA,NA,NA,NA,NA,NA
"S147","S147","Sol","Date 2","1","Sol_nu",1,3,0.71,NA,NA,NA,1,"2",NA,NA,NA,NA,NA,NA,NA,NA,NA,NA
"S148","S148","Sol","Date 2","2","Plastique",1,1,0.78,NA,NA,NA,2,"6",NA,NA,NA,NA,NA,NA,NA,NA,NA,NA
"S149","S149","Sol","Date 2","2","Plastique",1,2,0.91,NA,NA,NA,2,"6",NA,NA,NA,NA,NA,NA,NA,NA,NA,NA
"S150","S150","Sol","Date 2","2","Plastique",1,3,0.84,NA,NA,NA,2,"6",NA,NA,NA,NA,NA,NA,NA,NA,NA,NA
"S151","S151","Sol","Date 2","3","Seigle",1,1,0.73,NA,NA,NA,1,"2",NA,NA,NA,NA,NA,NA,NA,NA,NA,NA
"S152","S152","Sol","Date 2","3","Seigle",1,2,0.67,NA,NA,NA,1,"2",NA,NA,NA,NA,NA,NA,NA,NA,NA,NA
"S153","S153","Sol","Date 2","3","Seigle",1,3,0.67,NA,NA,NA,1,"2",NA,NA,NA,NA,NA,NA,NA,NA,NA,NA
"S154","S154","Sol","Date 2","4","Seigle_Bru",1,1,0.78,NA,NA,NA,2,"6",NA,NA,NA,NA,NA,NA,NA,NA,NA,NA
"S155","S155","Sol","Date 2","4","Seigle_Bru",1,2,0.7,NA,NA,NA,2,"6",NA,NA,NA,NA,NA,NA,NA,NA,NA,NA
"S156","S156","Sol","Date 2","4","Seigle_Bru",1,3,0.75,NA,NA,NA,2,"6",NA,NA,NA,NA,NA,NA,NA,NA,NA,NA
"S157","S157","Sol","Date 2","5","Plastique",2,1,0.75,NA,NA,NA,1,"2",NA,NA,NA,NA,NA,NA,NA,NA,NA,NA
"S158.1","S158.1","Sol","Date 2","5","Plastique",2,2,0.64,NA,NA,NA,1,"2","Plastique",NA,NA,NA,NA,NA,NA,NA,NA,NA
"S158.2","S158.2","Sol","Date 2","5","Plastique",2,2,0.64,NA,NA,NA,1,"4","Plastique",NA,NA,NA,NA,NA,NA,NA,NA,NA
"S159","S159","Sol","Date 2","5","Plastique",2,3,0.78,NA,NA,NA,1,"2",NA,NA,NA,NA,NA,NA,NA,NA,NA,NA
"S160","S160","Sol","Date 2","6","Seigle_Bru",2,1,0.63,NA,NA,NA,2,"6",NA,NA,NA,NA,NA,NA,NA,NA,NA,NA
"S161","S161","Sol","Date 2","6","Seigle_Bru",2,2,0.72,NA,NA,NA,2,"6",NA,NA,NA,NA,NA,NA,NA,NA,NA,NA
"S162","S162","Sol","Date 2","6","Seigle_Bru",2,3,0.8,NA,NA,NA,2,"6",NA,NA,NA,NA,NA,NA,NA,NA,NA,NA
"S163","S163","Sol","Date 2","7","Sol_nu",2,1,0.67,NA,NA,NA,1,"2",NA,NA,NA,NA,NA,NA,NA,NA,NA,NA
"S164","S164","Sol","Date 2","7","Sol_nu",2,2,0.72,NA,NA,NA,1,"3",NA,NA,NA,NA,NA,NA,NA,NA,NA,NA
"S165","S165","Sol","Date 2","7","Sol_nu",2,3,0.72,NA,NA,NA,1,"3",NA,NA,NA,NA,NA,NA,NA,NA,NA,NA
"S166","S166","Sol","Date 2","8","Seigle",2,1,0.69,NA,NA,NA,2,"6",NA,NA,NA,NA,NA,NA,NA,NA,NA,NA
"S167.1","S167.1","Sol","Date 2","8","Seigle",2,2,0.69,NA,NA,NA,2,"7","Seigle",NA,NA,NA,NA,NA,NA,NA,NA,NA
"S167.2","S167.2","Sol","Date 2","8","Seigle",2,2,0.69,NA,NA,NA,2,"8","Seigle",NA,NA,NA,NA,NA,NA,NA,NA,NA
"S168.1","S168.1","Sol","Date 2","8","Seigle",2,3,0.8,NA,NA,NA,2,"7","Seigle",NA,NA,NA,NA,NA,NA,NA,NA,NA
"S168.2","S168.2","Sol","Date 2","8","Seigle",2,3,0.8,NA,NA,NA,2,"8","Seigle",NA,NA,NA,NA,NA,NA,NA,NA,NA
"S169","S169","Sol","Date 2","9","Sol_nu",3,1,0.86,NA,NA,NA,1,"3",NA,NA,NA,NA,NA,NA,NA,NA,NA,NA
"S170","S170","Sol","Date 2","9","Sol_nu",3,2,0.81,NA,NA,NA,1,"3",NA,NA,NA,NA,NA,NA,NA,NA,NA,NA
"S171","S171","Sol","Date 2","9","Sol_nu",3,3,0.58,NA,NA,NA,1,"3",NA,NA,NA,NA,NA,NA,NA,NA,NA,NA
"S172","S172","Sol","Date 2","10","Seigle",3,1,0.81,NA,NA,NA,2,"7",NA,NA,NA,NA,NA,NA,NA,NA,NA,NA
"S173","S173","Sol","Date 2","10","Seigle",3,2,0.66,NA,NA,NA,2,"7",NA,NA,NA,NA,NA,NA,NA,NA,NA,NA
"S174","S174","Sol","Date 2","10","Seigle",3,3,0.62,NA,NA,NA,2,"7",NA,NA,NA,NA,NA,NA,NA,NA,NA,NA
"S175","S175","Sol","Date 2","11","Seigle_Bru",3,1,1.2,NA,NA,NA,1,"3",NA,NA,NA,NA,NA,NA,NA,NA,NA,NA
"S176","S176","Sol","Date 2","11","Seigle_Bru",3,2,0.73,NA,NA,NA,1,"3",NA,NA,NA,NA,NA,NA,NA,NA,NA,NA
"S177","S177","Sol","Date 2","11","Seigle_Bru",3,3,0.67,NA,NA,NA,1,"3",NA,NA,NA,NA,NA,NA,NA,NA,NA,NA
"S178","S178","Sol","Date 2","12","Plastique",3,1,0.75,NA,NA,NA,2,"7",NA,NA,NA,NA,NA,NA,NA,NA,NA,NA
"S179","S179","Sol","Date 2","12","Plastique",3,2,0.72,NA,NA,NA,2,"7",NA,NA,NA,NA,NA,NA,NA,NA,NA,NA
"S180","S180","Sol","Date 2","12","Plastique",3,3,0.75,NA,NA,NA,2,"7",NA,NA,NA,NA,NA,NA,NA,NA,NA,NA
"S181","S181","Sol","Date 2","13","Plastique",4,1,0.8,NA,NA,NA,1,"3",NA,NA,NA,NA,NA,NA,NA,NA,NA,NA
"S182","S182","Sol","Date 2","13","Plastique",4,2,1,NA,NA,NA,1,"3",NA,NA,NA,NA,NA,NA,NA,NA,NA,NA
"S183","S183","Sol","Date 2","13","Plastique",4,3,0.79,NA,NA,NA,1,"3",NA,NA,NA,NA,NA,NA,NA,NA,NA,NA
"S184","S184","Sol","Date 2","14","Sol_nu",4,1,0.55,NA,NA,NA,2,"7",NA,NA,NA,NA,NA,NA,NA,NA,NA,NA
"S185","S185","Sol","Date 2","14","Sol_nu",4,2,0.78,NA,NA,NA,2,"7",NA,NA,NA,NA,NA,NA,NA,NA,NA,NA
"S186","S186","Sol","Date 2","14","Sol_nu",4,3,0.58,NA,NA,NA,2,"7",NA,NA,NA,NA,NA,NA,NA,NA,NA,NA
"S187","S187","Sol","Date 2","15","Seigle",4,1,0.72,NA,NA,NA,1,"3",NA,NA,NA,NA,NA,NA,NA,NA,NA,NA
"S188","S188","Sol","Date 2","15","Seigle",4,2,0.56,NA,NA,NA,1,"3",NA,NA,NA,NA,NA,NA,NA,NA,NA,NA
"S189","S189","Sol","Date 2","15","Seigle",4,3,0.58,NA,NA,NA,1,"3",NA,NA,NA,NA,NA,NA,NA,NA,NA,NA
"S190","S190","Sol","Date 2","16","Seigle_Bru",4,1,0.69,NA,NA,NA,2,"7",NA,NA,NA,NA,NA,NA,NA,NA,NA,NA
"S191","S191","Sol","Date 2","16","Seigle_Bru",4,2,0.73,NA,NA,NA,2,"7",NA,NA,NA,NA,NA,NA,NA,NA,NA,NA
"S192","S192","Sol","Date 2","16","Seigle_Bru",4,3,0.61,NA,NA,NA,2,"7",NA,NA,NA,NA,NA,NA,NA,NA,NA,NA
"S193","S193","Sol","Date 2","17","Plastique",4,1,0.88,NA,NA,NA,1,"3",NA,NA,NA,NA,NA,NA,NA,NA,NA,NA
"S194","S194","Sol","Date 2","17","Plastique",5,2,0.59,NA,NA,NA,1,"3",NA,NA,NA,NA,NA,NA,NA,NA,NA,NA
"S195","S195","Sol","Date 2","17","Plastique",5,3,0.62,NA,NA,NA,1,"3",NA,NA,NA,NA,NA,NA,NA,NA,NA,NA
"S196","S196","Sol","Date 2","18","Seigle",5,1,0.77,NA,NA,NA,2,"7",NA,NA,NA,NA,NA,NA,NA,NA,NA,NA
"S197","S197","Sol","Date 2","18","Seigle",5,2,0.62,NA,NA,NA,2,"7",NA,NA,NA,NA,NA,NA,NA,NA,NA,NA
"S198","S198","Sol","Date 2","18","Seigle",5,3,0.68,NA,NA,NA,2,"7",NA,NA,NA,NA,NA,NA,NA,NA,NA,NA
"S199","S199","Sol","Date 2","19","Seigle_Bru",5,1,0.63,NA,NA,NA,1,"3",NA,NA,NA,NA,NA,NA,NA,NA,NA,NA
"S200","S200","Sol","Date 2","19","Seigle_Bru",5,2,0.61,NA,NA,NA,1,"3",NA,NA,NA,NA,NA,NA,NA,NA,NA,NA
"S201","S201","Sol","Date 2","19","Seigle_Bru",5,3,0.62,NA,NA,NA,1,"3",NA,NA,NA,NA,NA,NA,NA,NA,NA,NA
"S202","S202","Sol","Date 2","20","Sol_nu",5,1,0.66,NA,NA,NA,2,"7",NA,NA,NA,NA,NA,NA,NA,NA,NA,NA
"S203","S203","Sol","Date 2","20","Sol_nu",5,2,0.65,NA,NA,NA,2,"7",NA,NA,NA,NA,NA,NA,NA,NA,NA,NA
"S204","S204","Sol","Date 2","20","Sol_nu",5,3,0.61,NA,NA,NA,2,"7",NA,NA,NA,NA,NA,NA,NA,NA,NA,NA
"S205","S205","Sol","Date 2","21","Sol_nu",6,1,0.75,NA,NA,NA,1,"3",NA,NA,NA,NA,NA,NA,NA,NA,NA,NA
"S206","S206","Sol","Date 2","21","Sol_nu",6,2,0.79,NA,NA,NA,1,"3",NA,NA,NA,NA,NA,NA,NA,NA,NA,NA
"S207","S207","Sol","Date 2","21","Sol_nu",6,3,0.83,NA,NA,NA,1,"3",NA,NA,NA,NA,NA,NA,NA,NA,NA,NA
"S208","S208","Sol","Date 2","22","Seigle_Bru",6,1,0.55,NA,NA,NA,2,"7",NA,NA,NA,NA,NA,NA,NA,NA,NA,NA
"S209","S209","Sol","Date 2","22","Seigle_Bru",6,2,0.66,NA,NA,NA,2,"7",NA,NA,NA,NA,NA,NA,NA,NA,NA,NA
"S210","S210","Sol","Date 2","22","Seigle_Bru",6,3,0.69,NA,NA,NA,2,"7",NA,NA,NA,NA,NA,NA,NA,NA,NA,NA
"S211","S211","Sol","Date 2","23","Plastique",6,1,0.74,NA,NA,NA,1,"3",NA,NA,NA,NA,NA,NA,NA,NA,NA,NA
"S212","S212","Sol","Date 2","23","Plastique",6,2,0.85,NA,NA,NA,1,"3",NA,NA,NA,NA,NA,NA,NA,NA,NA,NA
"S213","S213","Sol","Date 2","23","Plastique",6,3,0.62,NA,NA,NA,1,"3",NA,NA,NA,NA,NA,NA,NA,NA,NA,NA
"S214","S214","Sol","Date 2","24","Seigle",6,1,1.1,NA,NA,NA,2,"7",NA,NA,NA,NA,NA,NA,NA,NA,NA,NA
"S215","S215","Sol","Date 2","24","Seigle",6,2,0.42,NA,NA,NA,2,"7",NA,NA,NA,NA,NA,NA,NA,NA,NA,NA
"S216","S216","Sol","Date 2","24","Seigle",6,3,0.54,NA,NA,NA,2,"7",NA,NA,NA,NA,NA,NA,NA,NA,NA,NA
"S217","S217","Sol","Date 3","1","Sol_nu",1,1,0.57,NA,NA,NA,1,"3",NA,NA,NA,NA,NA,NA,NA,NA,NA,NA
"S218","S218","Sol","Date 3","1","Sol_nu",1,2,0.83,NA,NA,NA,1,"3",NA,NA,NA,NA,NA,NA,NA,NA,NA,NA
"S219","S219","Sol","Date 3","1","Sol_nu",1,3,0.78,NA,NA,NA,1,"3",NA,NA,NA,NA,NA,NA,NA,NA,NA,NA
"S220","S220","Sol","Date 3","2","Plastique",1,1,0.55,NA,NA,NA,2,"7",NA,NA,NA,NA,NA,NA,NA,NA,NA,NA
"S221","S221","Sol","Date 3","2","Plastique",1,2,0.72,NA,NA,NA,2,"7",NA,NA,NA,NA,NA,NA,NA,NA,NA,NA
"S222","S222","Sol","Date 3","2","Plastique",1,3,0.78,NA,NA,NA,2,"7",NA,NA,NA,NA,NA,NA,NA,NA,NA,NA
"S223","S223","Sol","Date 3","3","Seigle",1,1,0.71,NA,NA,NA,1,"3",NA,NA,NA,NA,NA,NA,NA,NA,NA,NA
"S224","S224","Sol","Date 3","3","Seigle",1,2,0.67,NA,NA,NA,1,"3",NA,NA,NA,NA,NA,NA,NA,NA,NA,NA
"S225","S225","Sol","Date 3","3","Seigle",1,3,0.69,NA,NA,NA,1,"3",NA,NA,NA,NA,NA,NA,NA,NA,NA,NA
"S226","S226","Sol","Date 3","4","Seigle_Bru",1,1,0.83,NA,NA,NA,2,"7",NA,NA,NA,NA,NA,NA,NA,NA,NA,NA
"S227","S227","Sol","Date 3","4","Seigle_Bru",1,2,0.71,NA,NA,NA,2,"7",NA,NA,NA,NA,NA,NA,NA,NA,NA,NA
"S228","S228","Sol","Date 3","4","Seigle_Bru",1,3,0.8,NA,NA,NA,2,"7",NA,NA,NA,NA,NA,NA,NA,NA,NA,NA
"S229","S229","Sol","Date 3","5","Plastique",2,1,0.9,NA,NA,NA,1,"3",NA,NA,NA,NA,NA,NA,NA,NA,NA,NA
"S230","S230","Sol","Date 3","5","Plastique",2,2,0.71,NA,NA,NA,1,"3",NA,NA,NA,NA,NA,NA,NA,NA,NA,NA
"S231","S231","Sol","Date 3","5","Plastique",2,3,0.69,NA,NA,NA,1,"3",NA,NA,NA,NA,NA,NA,NA,NA,NA,NA
"S232","S232","Sol","Date 3","6","Seigle_Bru",2,1,0.73,NA,NA,NA,2,"7",NA,NA,NA,NA,NA,NA,NA,NA,NA,NA
"S233","S233","Sol","Date 3","6","Seigle_Bru",2,2,0.64,NA,NA,NA,2,"7",NA,NA,NA,NA,NA,NA,NA,NA,NA,NA
"S234","S234","Sol","Date 3","6","Seigle_Bru",2,3,0.74,NA,NA,NA,2,"7",NA,NA,NA,NA,NA,NA,NA,NA,NA,NA
"S235","S235","Sol","Date 3","7","Sol_nu",2,1,0.85,NA,NA,NA,1,"3",NA,NA,NA,NA,NA,NA,NA,NA,NA,NA
"S236","S236","Sol","Date 3","7","Sol_nu",2,2,0.58,NA,NA,NA,1,"3",NA,NA,NA,NA,NA,NA,NA,NA,NA,NA
"S237","S237","Sol","Date 3","7","Sol_nu",2,3,0.69,NA,NA,NA,1,"3",NA,NA,NA,NA,NA,NA,NA,NA,NA,NA
"S238","S238","Sol","Date 3","8","Seigle",2,1,0.57,NA,NA,NA,2,"7",NA,NA,NA,NA,NA,NA,NA,NA,NA,NA
"S239","S239","Sol","Date 3","8","Seigle",2,2,0.67,NA,NA,NA,2,"7",NA,NA,NA,NA,NA,NA,NA,NA,NA,NA
"S240","S240","Sol","Date 3","8","Seigle",2,3,0.71,NA,NA,NA,2,"7",NA,NA,NA,NA,NA,NA,NA,NA,NA,NA
"S241","S241","Sol","Date 3","9","Sol_nu",3,1,0.75,NA,NA,NA,1,"3",NA,NA,NA,NA,NA,NA,NA,NA,NA,NA
"S242","S242","Sol","Date 3","9","Sol_nu",3,2,0.75,NA,NA,NA,1,"3",NA,NA,NA,NA,NA,NA,NA,NA,NA,NA
"S243","S243","Sol","Date 3","9","Sol_nu",3,3,0.54,NA,NA,NA,1,"3",NA,NA,NA,NA,NA,NA,NA,NA,NA,NA
"S244","S244","Sol","Date 3","10","Seigle",3,1,0.78,NA,NA,NA,2,"7",NA,NA,NA,NA,NA,NA,NA,NA,NA,NA
"S245","S245","Sol","Date 3","10","Seigle",3,2,0.64,NA,NA,NA,2,"7",NA,NA,NA,NA,NA,NA,NA,NA,NA,NA
"S246","S246","Sol","Date 3","10","Seigle",3,3,0.52,NA,NA,NA,2,"7",NA,NA,NA,NA,NA,NA,NA,NA,NA,NA
"S247","S247","Sol","Date 3","11","Seigle_Bru",3,1,0.75,NA,NA,NA,1,"4",NA,NA,NA,NA,NA,NA,NA,NA,NA,NA
"S248","S248","Sol","Date 3","11","Seigle_Bru",3,2,0.66,NA,NA,NA,1,"4",NA,NA,NA,NA,NA,NA,NA,NA,NA,NA
"S249","S249","Sol","Date 3","11","Seigle_Bru",3,3,0.77,NA,NA,NA,1,"4",NA,NA,NA,NA,NA,NA,NA,NA,NA,NA
"S250","S250","Sol","Date 3","12","Plastique",3,1,0.48,NA,NA,NA,2,"8",NA,NA,NA,NA,NA,NA,NA,NA,NA,NA
"S251","S251","Sol","Date 3","12","Plastique",3,2,1,NA,NA,NA,2,"8",NA,NA,NA,NA,NA,NA,NA,NA,NA,NA
"S252","S252","Sol","Date 3","12","Plastique",3,3,0.67,NA,NA,NA,2,"8",NA,NA,NA,NA,NA,NA,NA,NA,NA,NA
"S253","S253","Sol","Date 3","13","Plastique",4,1,0.8,NA,NA,NA,1,"4",NA,NA,NA,NA,NA,NA,NA,NA,NA,NA
"S254","S254","Sol","Date 3","13","Plastique",4,2,0.61,NA,NA,NA,1,"4",NA,NA,NA,NA,NA,NA,NA,NA,NA,NA
"S255","S255","Sol","Date 3","13","Plastique",4,3,0.91,NA,NA,NA,1,"4",NA,NA,NA,NA,NA,NA,NA,NA,NA,NA
"S256","S256","Sol","Date 3","14","Sol_nu",4,1,0.77,NA,NA,NA,2,"8",NA,NA,NA,NA,NA,NA,NA,NA,NA,NA
"S257","S257","Sol","Date 3","14","Sol_nu",4,2,0.85,NA,NA,NA,2,"8",NA,NA,NA,NA,NA,NA,NA,NA,NA,NA
"S258","S258","Sol","Date 3","14","Sol_nu",4,3,1,NA,NA,NA,2,"8",NA,NA,NA,NA,NA,NA,NA,NA,NA,NA
"S259","S259","Sol","Date 3","15","Seigle",4,1,0.88,NA,NA,NA,1,"4",NA,"Seigle",NA,NA,NA,NA,NA,NA,NA,NA
"S259.2","S259.2","Sol","Date 3","15","Seigle",4,1,0.88,NA,NA,NA,2,"8",NA,"Seigle",NA,NA,NA,NA,NA,NA,NA,NA
"S260","S260","Sol","Date 3","15","Seigle",4,2,0.78,NA,NA,NA,1,"4",NA,NA,NA,NA,NA,NA,NA,NA,NA,NA
"S261.I","S261.I","Sol","Date 3","15","Seigle",4,3,0.79,NA,NA,NA,1,"4",NA,"Seigle",NA,NA,NA,NA,NA,NA,NA,NA
"S261.II","S261.II","Sol","Date 3","15","Seigle",4,3,0.79,NA,NA,NA,2,"8",NA,"Seigle",NA,NA,NA,NA,NA,NA,NA,NA
"S262","S262","Sol","Date 3","16","Seigle_Bru",4,1,0.71,NA,NA,NA,2,"8",NA,NA,NA,NA,NA,NA,NA,NA,NA,NA
"S263","S263","Sol","Date 3","16","Seigle_Bru",4,2,0.68,NA,NA,NA,2,"8",NA,NA,NA,NA,NA,NA,NA,NA,NA,NA
"S264","S264","Sol","Date 3","16","Seigle_Bru",4,3,0.53,NA,NA,NA,2,"8",NA,NA,NA,NA,NA,NA,NA,NA,NA,NA
"S265","S265","Sol","Date 3","17","Plastique",4,1,0.71,NA,NA,NA,1,"4",NA,NA,NA,NA,NA,NA,NA,NA,NA,NA
"S266","S266","Sol","Date 3","17","Plastique",5,2,0.59,NA,NA,NA,1,"4",NA,NA,NA,NA,NA,NA,NA,NA,NA,NA
"S267","S267","Sol","Date 3","17","Plastique",5,3,0.79,NA,NA,NA,1,"4",NA,NA,NA,NA,NA,NA,NA,NA,NA,NA
"S268","S268","Sol","Date 3","18","Seigle",5,1,0.61,NA,NA,NA,2,"8",NA,NA,NA,NA,NA,NA,NA,NA,NA,NA
"S269","S269","Sol","Date 3","18","Seigle",5,2,0.63,NA,NA,NA,2,"8",NA,NA,NA,NA,NA,NA,NA,NA,NA,NA
"S270","S270","Sol","Date 3","18","Seigle",5,3,0.68,NA,NA,NA,2,"8",NA,NA,NA,NA,NA,NA,NA,NA,NA,NA
"S271","S271","Sol","Date 3","19","Seigle_Bru",5,1,0.84,NA,NA,NA,1,"4",NA,NA,NA,NA,NA,NA,NA,NA,NA,NA
"S272","S272","Sol","Date 3","19","Seigle_Bru",5,2,0.65,NA,NA,NA,1,"4",NA,NA,NA,NA,NA,NA,NA,NA,NA,NA
"S273","S273","Sol","Date 3","19","Seigle_Bru",5,3,0.57,NA,NA,NA,1,"4",NA,NA,NA,NA,NA,NA,NA,NA,NA,NA
"S274","S274","Sol","Date 3","20","Sol_nu",5,1,0.69,NA,NA,NA,2,"8",NA,NA,NA,NA,NA,NA,NA,NA,NA,NA
"S275","S275","Sol","Date 3","20","Sol_nu",5,2,0.84,NA,NA,NA,2,"8",NA,NA,NA,NA,NA,NA,NA,NA,NA,NA
"S276","S276","Sol","Date 3","20","Sol_nu",5,3,0.59,NA,NA,NA,2,"8",NA,NA,NA,NA,NA,NA,NA,NA,NA,NA
"S277","S277","Sol","Date 3","21","Sol_nu",6,1,0.74,NA,NA,NA,1,"4",NA,NA,NA,NA,NA,NA,NA,NA,NA,NA
"S278","S278","Sol","Date 3","21","Sol_nu",6,2,0.6,NA,NA,NA,1,"4",NA,NA,NA,NA,NA,NA,NA,NA,NA,NA
"S279","S279","Sol","Date 3","21","Sol_nu",6,3,0.82,NA,NA,NA,1,"4",NA,NA,NA,NA,NA,NA,NA,NA,NA,NA
"S280","S280","Sol","Date 3","22","Seigle_Bru",6,1,0.52,NA,NA,NA,2,"8",NA,NA,NA,NA,NA,NA,NA,NA,NA,NA
"S281","S281","Sol","Date 3","22","Seigle_Bru",6,2,0.63,NA,NA,NA,2,"8",NA,NA,NA,NA,NA,NA,NA,NA,NA,NA
"S282","S282","Sol","Date 3","22","Seigle_Bru",6,3,0.63,NA,NA,NA,2,"8",NA,NA,NA,NA,NA,NA,NA,NA,NA,NA
"S283","S283","Sol","Date 3","23","Plastique",6,1,0.78,NA,NA,NA,1,"4",NA,NA,NA,NA,NA,NA,NA,NA,NA,NA
"S284","S284","Sol","Date 3","23","Plastique",6,2,0.58,NA,NA,NA,1,"4",NA,NA,NA,NA,NA,NA,NA,NA,NA,NA
"S285","S285","Sol","Date 3","23","Plastique",6,3,0.42,NA,NA,NA,1,"4",NA,NA,NA,NA,NA,NA,NA,NA,NA,NA
"S286","S286","Sol","Date 3","24","Seigle",6,1,0.52,NA,NA,NA,2,"8",NA,NA,NA,NA,NA,NA,NA,NA,NA,NA
"S287","S287","Sol","Date 3","24","Seigle",6,2,0.66,NA,NA,NA,2,"8",NA,NA,NA,NA,NA,NA,NA,NA,NA,NA
"S288","S288","Sol","Date 3","24","Seigle",6,3,0.87,NA,NA,NA,2,"8",NA,NA,NA,NA,NA,NA,NA,NA,NA,NA
"F1","F1","Courge_F","NA NA","Filtre",NA,NA,NA,NA,"NF",NA,2,8,NA,NA,NA,NA,NA,NA,NA,NA,NA,NA,NA
"F2","F2","Courge_F","NA NA","Filtre",NA,NA,NA,NA,"NF",NA,2,8,NA,NA,NA,NA,NA,NA,NA,NA,NA,NA,NA
"F3","F3","Courge_F","NA NA","Filtre",NA,NA,NA,NA,"NF",NA,2,8,NA,NA,NA,NA,NA,NA,NA,NA,NA,NA,NA
"F4","F4","Courge_F","NA NA","Filtre",NA,NA,NA,NA,"NF",NA,2,8,NA,NA,NA,NA,NA,NA,NA,NA,NA,NA,NA
"F5","F5","Courge_F","NA NA","Filtre",NA,NA,NA,NA,"NF",NA,2,8,NA,NA,NA,NA,NA,NA,NA,NA,NA,NA,NA
"F6","F6","Courge_F","NA NA","Filtre",NA,NA,NA,NA,"NF",NA,2,8,NA,NA,NA,NA,NA,NA,NA,NA,NA,NA,NA
"F7","F7","Courge_F","NA NA","Filtre",NA,NA,NA,NA,"F",NA,2,8,NA,NA,NA,NA,NA,NA,NA,NA,NA,NA,NA
"F8","F8","Courge_F","NA NA","Filtre",NA,NA,NA,NA,"F",NA,2,8,NA,NA,NA,NA,NA,NA,NA,NA,NA,NA,NA
"F9","F9","Courge_F","NA NA","Filtre",NA,NA,NA,NA,"F",NA,2,8,NA,NA,NA,NA,NA,NA,NA,NA,NA,NA,NA
"F10","F10","Courge_F","NA NA","Filtre",NA,NA,NA,NA,"F",NA,2,8,NA,NA,NA,NA,NA,NA,NA,NA,NA,NA,NA
"F11","F11","Courge_F","NA NA","Filtre",NA,NA,NA,NA,"F",NA,2,8,NA,NA,NA,NA,NA,NA,NA,NA,NA,NA,NA
"F12","F12","Courge_F","NA NA","Filtre",NA,NA,NA,NA,"F",NA,2,8,NA,NA,NA,NA,NA,NA,NA,NA,NA,NA,NA
"F13","F13","Courge_F","NA NA","Filtre",NA,NA,NA,NA,"F+2.5",NA,2,8,NA,NA,NA,NA,NA,NA,NA,NA,NA,NA,NA
"F14","F14","Courge_F","NA NA","Filtre",NA,NA,NA,NA,"F+2.5",NA,2,8,NA,NA,NA,NA,NA,NA,NA,NA,NA,NA,NA
"F15","F15","Courge_F","NA NA","Filtre",NA,NA,NA,NA,"F+2.5",NA,2,8,NA,NA,NA,NA,NA,NA,NA,NA,NA,NA,NA
"F16","F16","Courge_F","NA NA","Filtre",NA,NA,NA,NA,"F+2.5",NA,2,8,NA,NA,NA,NA,NA,NA,NA,NA,NA,NA,NA
"F17","F17","Courge_F","NA NA","Filtre",NA,NA,NA,NA,"F+2.5",NA,2,8,NA,NA,NA,NA,NA,NA,NA,NA,NA,NA,NA
"F18","F18","Courge_F","NA NA","Filtre",NA,NA,NA,NA,"F+2.5",NA,2,8,NA,NA,NA,NA,NA,NA,NA,NA,NA,NA,NA
"F19","F19","Courge_F","NA NA","Filtre",NA,NA,NA,NA,"F+2.5+0.5",NA,2,8,NA,NA,NA,NA,NA,NA,NA,NA,NA,NA,NA
"F20","F20","Courge_F","NA NA","Filtre",NA,NA,NA,NA,"F+2.5+0.5",NA,2,8,NA,NA,NA,NA,NA,NA,NA,NA,NA,NA,NA
"F21","F21","Courge_F","NA NA","Filtre",NA,NA,NA,NA,"F+2.5+0.5",NA,2,8,NA,NA,NA,NA,NA,NA,NA,NA,NA,NA,NA
"F22","F22","Courge_F","NA NA","Filtre",NA,NA,NA,NA,"F+2.5+0.5",NA,2,8,NA,NA,NA,NA,NA,NA,NA,NA,NA,NA,NA
"F23","F23","Courge_F","NA NA","Filtre",NA,NA,NA,NA,"F+2.5+0.5",NA,2,8,NA,NA,NA,NA,NA,NA,NA,NA,NA,NA,NA
"F24","F24","Courge_F","NA NA","Filtre",NA,NA,NA,NA,"F+2.5+0.5",NA,2,8,NA,NA,NA,NA,NA,NA,NA,NA,NA,NA,NA
"M200","M200","Mock","Mock_Control","Mock",NA,NA,NA,NA,NA,"+",1,4,NA,NA,NA,NA,NA,NA,NA,NA,NA,NA,NA
"M210","M210","Mock","Mock_Control","Mock",NA,NA,NA,NA,NA,"+",1,4,NA,NA,NA,NA,NA,NA,NA,NA,NA,NA,NA
"M279","M279","Mock","Mock_Control","Mock",NA,NA,NA,NA,NA,"+",1,4,NA,NA,NA,NA,NA,NA,NA,NA,NA,NA,NA
"M85","M85","Mock","Mock_Control","Mock",NA,NA,NA,NA,NA,"+",1,4,NA,NA,NA,NA,NA,NA,NA,NA,NA,NA,NA
"M86","M86","Mock","Mock_Control","Mock",NA,NA,NA,NA,NA,"+",1,4,NA,NA,NA,NA,NA,NA,NA,NA,NA,NA,NA
"Mock","Mock","Mock","Mock_Control","Mock",NA,NA,NA,NA,NA,"+",1,4,NA,NA,NA,NA,NA,NA,NA,NA,NA,NA,NA
"T264.1","T264.1","T264","Pseudo_Control","T264",NA,NA,NA,NA,NA,"+",1,1,"x","x",NA,NA,NA,NA,NA,NA,NA,NA,NA
"T264.2","T264.2","T264","Pseudo_Control","T264",NA,NA,NA,NA,NA,"+",1,2,"x","x",NA,NA,NA,NA,NA,NA,NA,NA,NA
"T264.3","T264.3","T264","Pseudo_Control","T264",NA,NA,NA,NA,NA,"+",1,3,"x","x",NA,NA,NA,NA,NA,NA,NA,NA,NA
"T264.4","T264.4","T264","Pseudo_Control","T264",NA,NA,NA,NA,NA,"+",1,4,"x","x",NA,NA,NA,NA,NA,NA,NA,NA,NA
"T264a","T264a","T264","Pseudo_Control","T264",NA,NA,NA,NA,NA,"+",2,1,"x","x",NA,NA,NA,NA,NA,NA,NA,NA,NA
"T264b","T264b","T264","Pseudo_Control","T264",NA,NA,NA,NA,NA,"+",2,2,"x","x",NA,NA,NA,NA,NA,NA,NA,NA,NA
"T264c","T264c","T264","Pseudo_Control","T264",NA,NA,NA,NA,NA,"+",2,3,"x","x",NA,NA,NA,NA,NA,NA,NA,NA,NA
"T264e","T264e","T264","Pseudo_Control","T264",NA,NA,NA,NA,NA,"+",2,4,"x","x",NA,NA,NA,NA,NA,NA,NA,NA,NA
"TPCR.1","TPCR.1","TPCR","PCR_Control","TPCR",NA,NA,NA,NA,NA,"-",1,1,NA,NA,NA,NA,NA,NA,NA,NA,NA,NA,NA
"TPCR.2","TPCR.2","TPCR","PCR_Control","TPCR",NA,NA,NA,NA,NA,"-",1,2,NA,NA,NA,NA,NA,NA,NA,NA,NA,NA,NA
"TPCR.3","TPCR.3","TPCR","PCR_Control","TPCR",NA,NA,NA,NA,NA,"-",1,3,NA,NA,NA,NA,NA,NA,NA,NA,NA,NA,NA
"TPCR.4","TPCR.4","TPCR","PCR_Control","TPCR",NA,NA,NA,NA,NA,"-",1,4,NA,NA,NA,NA,NA,NA,NA,NA,NA,NA,NA
"TPCRa","TPCRa","TPCR","PCR_Control","TPCR",NA,NA,NA,NA,NA,"-",2,5,NA,NA,NA,NA,NA,NA,NA,NA,NA,NA,NA
"TPCRb","TPCRb","TPCR","PCR_Control","TPCR",NA,NA,NA,NA,NA,"-",2,6,NA,NA,NA,NA,NA,NA,NA,NA,NA,NA,NA
"TPCRc","TPCRc","TPCR","PCR_Control","TPCR",NA,NA,NA,NA,NA,"-",2,7,NA,NA,NA,NA,NA,NA,NA,NA,NA,NA,NA
"TPCRd","TPCRd","TPCR","PCR_Control","TPCR",NA,NA,NA,NA,NA,"-",2,8,NA,NA,NA,NA,NA,NA,NA,NA,NA,NA,NA
"TPCRe","TPCRe","TPCR","PCR_Control","TPCR",NA,NA,NA,NA,NA,"-",2,8,NA,NA,NA,NA,NA,NA,NA,NA,NA,NA,NA
"TPCRf","TPCRf","TPCR","PCR_Control","TPCR",NA,NA,NA,NA,NA,"-",2,8,NA,NA,NA,NA,NA,NA,NA,NA,NA,NA,NA
"TPCRg","TPCRg","TPCR","PCR_Control","TPCR",NA,NA,NA,NA,NA,"-",2,8,NA,NA,NA,NA,NA,NA,NA,NA,NA,NA,NA
